date,id,callout_id,product,language,scenario,content
2026-02-12,100000989457182,8668150265696343973,A,en,改签,"2026-02-12 13:01:41 CUSTOMER:'booking no. :1539362079290903,phuket international airport (hkt) drop-off,feb 13, 2026'
2026-02-12 13:01:41 ROBOT:'Hello, Trip.com Member. We're glad to be able to help you out.'
2026-02-12 13:01:54 CUSTOMER:'how do i change the pick-up time of my booking?'
2026-02-12 13:01:55 ROBOT:'The latest free modification time for your booking is 2026-02-13 04:30:00 (Pickup location time). Please visit the Modify pick-up timepage to modify your booking before the deadline.Tips:Currently,the pick-up date cannot be modified,if you need to modify the date,you can choose to cancel and place a new booking. 
https://dimg04.c-ctrip.com/images/0B76r12000eyhpyvi2A65.png'"
2026-02-12,400000986726847,2506198391950083532,C,hk,改签,"2026-02-12 07:40:04 CUSTOMER:'無法加取車服務的line'
2026-02-12 07:40:12 ROBOT:'您可以嘗試點擊下方的按鈕來修改您的預訂。當您完成新預訂的付款後，原始預訂將自動取消。
修改預訂

Tips:
在搜索並確認門市和車輛類型後，您可以重新填寫司機信息並下單。
新預訂的價格將基於頁面上顯示的信息。請您仔細查看詳細政策 預訂詳情 頁面。
'"
2026-02-12,700000988159720,2506198391950083532,C,hk,改签,"2026-02-12 10:41:11 CUSTOMER:'請問如果續租可以嗎？  原訂今天還車'
2026-02-12 10:41:16 ROBOT:'根據取消政策，您可以在最晚取消時間之前申請此預訂的免費取消，並在需要時重新預訂。如果您確定要取消預訂，可以在訂單詳情頁提交申請。新預訂的價格將根據頁面上顯示的信息而定。
如果您需要修改司機詳細資料或接送時間或地點，請取消您的預訂並重新預訂。

若您已收到收費通知，與預訂取消相關的退款（需符合取消政策）將直接退還。通常退款處理時間為1-17個工作日，但實際時間可能因發卡機構而異。
若您賬戶未被扣費，則不涉及退款。提示:請注意，您目前的訂單無法修改。如果符合免費取消條件，我們建議您取消並以當前價格重新預訂。


'"
2026-02-12,500000988527007,2506198391950083532,C,hk,改签,"2026-02-12 12:06:21 ROBOT:'您好，很高興能為您服務！'
2026-02-12 12:06:29 CUSTOMER:'訂單編號：1658108583547473，福岡，2026年2月28日'
2026-02-12 12:06:29 ROBOT:'您好！關於此訂單有甚麼需要查詢？'
2026-02-12 12:07:12 CUSTOMER:'取車時間提早到早上10：00'
2026-02-12 12:07:24 ROBOT:'您可以嘗試點擊下方的按鈕來修改您的預訂。當您完成新預訂的付款後，原始預訂將自動取消。
修改預訂

Tips:
在搜索並確認門市和車輛類型後，您可以重新填寫司機信息並下單。
新預訂的價格將基於頁面上顯示的信息。請您仔細查看詳細政策 預訂詳情 頁面。
'
2026-02-12 12:08:17 CUSTOMER:'人工客服'
2026-02-12 12:08:21 AGENT:'您好！歡迎使用在線客服，我是cecilia. z ，很高興為您服務。'
2026-02-12 12:08:33 CUSTOMER:'取車時間提早到早上10：00'
2026-02-12 12:08:34 AGENT:'請確認您想查詢之訂單。如需查看詳情，請確保您正使用最新版本之 trip.com app。'
2026-02-12 12:08:40 CUSTOMER:'是'
2026-02-12 12:08:52 CUSTOMER:'當前諮詢訂單 please upgrade to the latest version for details.'
2026-02-12 12:10:19 AGENT:'感謝您的耐心等待 查看到這個訂單原本取車時間是2026-02-28 16:00:00您目前是想要提早到2026-02-28 10:00:00對嗎  關於是否可以修改取車時間需要為您反饋相關部門進行核實 結果無法保證以相關部門回覆為準 若後續核實可以修改取車時間為2026-02-28 10:00:00是否可以直接為您操作修改 若可以請回覆【確認】'
2026-02-12 12:10:50 CUSTOMER:'確記'
2026-02-12 12:11:28 CUSTOMER:'確認'
2026-02-12 12:11:37 AGENT:'我已記錄下您的問題，屆時提交至相關部門核實。後續有結果請問通過電話還是電郵聯絡您會比較方便呢？'
2026-02-12 12:12:01 CUSTOMER:'電郵'
2026-02-12 12:12:10 AGENT:'hellohelloruby@yahoo.com.tw看到您下單的電郵是這個 後續通過這個電郵聯繫您可以嗎'
2026-02-12 12:12:50 CUSTOMER:'可以'
2026-02-12 12:13:43 AGENT:'好的 請您後續留意電郵回覆'
2026-02-12 12:13:45 AGENT:'請問還有什麼可以幫到您？'
2026-02-12 12:13:59 CUSTOMER:'沒有了，謝謝你'
2026-02-12 12:14:17 AGENT:'好的，請您後續留意電郵回覆有問題歡迎隨時聯繫我們'
2026-02-12 12:17:37 AGENT:'有問題歡迎您隨時再來～ 請您稍後對我的本次服務進行評價，感謝您使用線上客服，祝您生活愉快！'"
2026-02-12,100000989599492,2506198391950083532,C,hk,改签,"2026-02-12 14:25:00 CUSTOMER:'如何更改我的訂單？'
2026-02-12 14:25:06 ROBOT:'您可以嘗試點擊下方的按鈕來修改您的預訂。當您完成新預訂的付款後，原始預訂將自動取消。
修改預訂

Tips:
在搜索並確認門市和車輛類型後，您可以重新填寫司機信息並下單。
新預訂的價格將基於頁面上顯示的信息。請您仔細查看詳細政策 預訂詳情 頁面。
'"
2026-02-12,200000991732887,2506198391950083532,C,hk,改签,"2026-02-12 23:18:05 CUSTOMER:'如何更改我的訂單？'
2026-02-12 23:18:11 ROBOT:'您可以嘗試點擊下方的按鈕來修改您的預訂。當您完成新預訂的付款後，原始預訂將自動取消。
修改預訂

Tips:
在搜索並確認門市和車輛類型後，您可以重新填寫司機信息並下單。
新預訂的價格將基於頁面上顯示的信息。請您仔細查看詳細政策 預訂詳情 頁面。
'
2026-02-12 23:18:17 CUSTOMER:'人工'
2026-02-12 23:18:18 ROBOT:'很高興為您服務，您可以點擊下方推薦問題或者手動輸入您想諮詢的內容，我來幫您解答！'
2026-02-12 23:18:24 CUSTOMER:'轉人工'
2026-02-12 23:18:41 AGENT:'您好！歡迎使用trip.com在線客服！我是golf q ，很高興為您服務。'
2026-02-12 23:19:57 CUSTOMER:'請通知租車公司明天下午1400取車'
2026-02-12 23:20:36 CUSTOMER:'無法聯絡租車公司'
2026-02-12 23:21:34 CUSTOMER:'航空公司HX614'
2026-02-12 23:21:59 AGENT:'您的訂單1359041858760214，我們收到門店回覆： We confirmed the customer could pick up the car at 14:30 tomorrow, Feb.13th.,2026. The additional charge for 14:30-21:00 on Feb.13th is JPY 12,320.'
2026-02-12 23:22:09 AGENT:'會有額外收費，需要現場支付的'
2026-02-12 23:22:37 CUSTOMER:'收多小錢'
2026-02-12 23:23:23 AGENT:'額外時間14:30-21:00，費用 JPY 12,320'
2026-02-12 23:24:32 CUSTOMER:'可否申請'
2026-02-12 23:24:41 CUSTOMER:'可否同他們申請豁免費用？'
2026-02-12 23:25:04 CUSTOMER:'，因為我哋六天租車都係3000多元，我覺得不太合理'
2026-02-12 23:25:20 CUSTOMER:'或者給我們優惠'
2026-02-12 23:25:46 AGENT:'費用無法豁免的，因為本來是無法提前取車，我們再次反饋咨詢後他們才告知可以支付費用提前取車。或者您可以現場與他們溝通是否可以優惠一些，因為這個費用不通過我們支付，是直接現場支付'
2026-02-12 23:26:14 CUSTOMER:'評價：golf q的服務 一般'
2026-02-12 23:26:25 AGENT:'有問題歡迎您隨時再來～ 請您稍後對我的本次服務進行評價，感謝您使用線上客服，祝您生活愉快！'"
2026-02-12,400000988033005,2506198391950083532,C,hk,改签,"2026-02-12 21:46:48 CUSTOMER:'我班機延誤至少一小時，這樣取車會超過取車時間01：00，我現在該怎麼處理呢？我還在飛機上'
2026-02-12 21:46:56 ROBOT:'您可以嘗試點擊下方的按鈕來修改您的預訂。當您完成新預訂的付款後，原始預訂將自動取消。
修改預訂

Tips:
在搜索並確認門市和車輛類型後，您可以重新填寫司機信息並下單。
新預訂的價格將基於頁面上顯示的信息。請您仔細查看詳細政策 預訂詳情 頁面。
'
2026-02-12 21:52:33 CUSTOMER:'可以幫我確認現在租車公司的人還在嗎？'
2026-02-12 21:52:35 ROBOT:'很高興為您服務，您可以點擊下方推薦問題或者手動輸入您想諮詢的內容，我來幫您解答！'
2026-02-12 21:52:58 CUSTOMER:'我不知道我現在要修改訂單，還是直接過去取車呢？因為打電話沒有人接'
2026-02-12 21:53:03 ROBOT:'根據取消政策，您可以在最晚取消時間之前申請此預訂的免費取消，並在需要時重新預訂。如果您確定要取消預訂，可以在訂單詳情頁提交申請。新預訂的價格將根據頁面上顯示的信息而定。
如果您需要修改司機詳細資料或接送時間或地點，請取消您的預訂並重新預訂。

若您已收到收費通知，與預訂取消相關的退款（需符合取消政策）將直接退還。通常退款處理時間為1-17個工作日，但實際時間可能因發卡機構而異。
若您賬戶未被扣費，則不涉及退款。提示:請注意，您目前的訂單無法修改。如果符合免費取消條件，我們建議您取消並以當前價格重新預訂。


'
2026-02-12 21:54:18 CUSTOMER:'現在可以修訂早上取車嗎？'
2026-02-12 21:54:23 ROBOT:'根據取消政策，您可以在最晚取消時間之前申請此預訂的免費取消，並在需要時重新預訂。如果您確定要取消預訂，可以在訂單詳情頁提交申請。新預訂的價格將根據頁面上顯示的信息而定。
如果您需要修改司機詳細資料或接送時間或地點，請取消您的預訂並重新預訂。

若您已收到收費通知，與預訂取消相關的退款（需符合取消政策）將直接退還。通常退款處理時間為1-17個工作日，但實際時間可能因發卡機構而異。
若您賬戶未被扣費，則不涉及退款。提示:請注意，您目前的訂單無法修改。如果符合免費取消條件，我們建議您取消並以當前價格重新預訂。


'
2026-02-12 21:59:26 CUSTOMER:'如果我超過1點後取車會怎樣呢'
2026-02-12 21:59:33 CUSTOMER:'是否早上才能領取'
2026-02-12 21:59:34 ROBOT:'抱歉，我無法理解您的問題，請換個方式說明您的問題，或者選擇下方其中一個選項：'
2026-02-12 21:59:39 ROBOT:'根據取消政策，您可以在最晚取消時間之前申請此預訂的免費取消，並在需要時重新預訂。如果您確定要取消預訂，可以在訂單詳情頁提交申請。新預訂的價格將根據頁面上顯示的信息而定。
如果您需要修改司機詳細資料或接送時間或地點，請取消您的預訂並重新預訂。

若您已收到收費通知，與預訂取消相關的退款（需符合取消政策）將直接退還。通常退款處理時間為1-17個工作日，但實際時間可能因發卡機構而異。
若您賬戶未被扣費，則不涉及退款。提示:請注意，您目前的訂單無法修改。如果符合免費取消條件，我們建議您取消並以當前價格重新預訂。


'
2026-02-12 21:59:44 CUSTOMER:'轉人工'
2026-02-12 21:59:46 AGENT:'您好！歡迎使用在線客服，我是wan d ，很高興為您服務。'
2026-02-12 22:00:01 AGENT:'請確認要諮詢的訂單。若要查看詳情，請確保您使用最新版本的 trip.com app。'
2026-02-12 22:00:08 CUSTOMER:'當前諮詢訂單 please upgrade to the latest version for details.'
2026-02-12 22:00:19 CUSTOMER:'我班機延誤一小時的，取車時間會超過'
2026-02-12 22:00:48 AGENT:'了解'
2026-02-12 22:00:53 CUSTOMER:'如果超過一點之後才能到租車公司，還能去得到車子嗎？'
2026-02-12 22:01:05 AGENT:'租車公司1點結束營業的'
2026-02-12 22:01:08 CUSTOMER:'因我打電話過去，沒人接'
2026-02-12 22:01:17 AGENT:'因為已經過了營業時間了'
2026-02-12 22:01:30 CUSTOMER:'那早上六點可以直接取車嗎？'
2026-02-12 22:02:04 AGENT:'我們核實一下能否明天取車'
2026-02-12 22:02:08 AGENT:'後續給您回覆'
2026-02-12 22:02:21 AGENT:'請問是通過訂單預留的電話還是電郵方便與您聯繫呢？'
2026-02-12 22:02:29 CUSTOMER:'都可以'
2026-02-12 22:03:08 AGENT:'好的'
2026-02-12 22:03:15 AGENT:'我們有回覆會第一時間與您聯繫'
2026-02-12 22:06:33 AGENT:'請問還有什麼問題可以幫到您？'
2026-02-12 22:07:55 AGENT:'如果您暫時沒有其他需要我們協助的問題，我將結束本次會話，請問可以嗎？（溫馨提示：若您長時間沒有回應，系統可能會自動關閉會話）'
2026-02-12 22:13:55 AGENT:'有問題歡迎您隨時再來～ 請您稍後對我的本次服務進行評價，感謝您使用線上客服，祝您生活愉快！'"
2026-02-12,100000988983891,2506198391950083532,C,hk,改签,"2026-02-12 07:58:08 CUSTOMER:'你好'
2026-02-12 07:58:10 ROBOT:'你好！我可以如何幫助您？'
2026-02-12 07:58:38 CUSTOMER:'我朋友拎不到車'
2026-02-12 07:58:51 ROBOT:'您可以嘗試點擊下方的按鈕來修改您的預訂。當您完成新預訂的付款後，原始預訂將自動取消。
修改預訂

提示:
在搜索並確認門市和車輛類型後，您可以重新填寫司機信息並下單。
新預訂的價格將基於頁面上顯示的信息。請仔細查看詳細政策 預訂詳情 頁面。'"
2026-02-12,100000990394951,2506198391950083532,C,hk,改签,"2026-02-12 23:00:17 CUSTOMER:'延遲取車時間'
2026-02-12 23:00:26 ROBOT:'您可以嘗試點擊下方的按鈕來修改您的預訂。當您完成新預訂的付款後，原始預訂將自動取消。
修改預訂

Tips:
在搜索並確認門市和車輛類型後，您可以重新填寫司機信息並下單。
新預訂的價格將基於頁面上顯示的信息。請您仔細查看詳細政策 預訂詳情 頁面。
'
2026-02-12 23:02:03 CUSTOMER:'門市電郵'
2026-02-12 23:02:07 ROBOT:'您可以嘗試點擊下方的按鈕來修改您的預訂。當您完成新預訂的付款後，原始預訂將自動取消。
修改預訂

Tips:
在搜索並確認門市和車輛類型後，您可以重新填寫司機信息並下單。
新預訂的價格將基於頁面上顯示的信息。請您仔細查看詳細政策 預訂詳情 頁面。
'"
2026-02-12,100000989381211,2506198391950083532,C,hk,改签,"2026-02-12 12:09:26 CUSTOMER:'如果增加額外駕駛人？'
2026-02-12 12:09:33 ROBOT:'您可以嘗試點擊下方的按鈕來修改您的預訂。當您完成新預訂的付款後，原始預訂將自動取消。
修改預訂

Tips:
在搜索並確認門市和車輛類型後，您可以重新填寫司機信息並下單。
新預訂的價格將基於頁面上顯示的信息。請您仔細查看詳細政策 預訂詳情 頁面。
'
2026-02-12 12:09:41 CUSTOMER:'人工'
2026-02-12 12:09:59 AGENT:'您好！歡迎使用trip.com在線客服！我是kelly. z ，很高興為您服務。'
2026-02-12 12:10:07 AGENT:'請確認您想查詢之訂單。如需查看詳情，請確保您正使用最新版本之 trip.com app。'
2026-02-12 12:10:12 CUSTOMER:'當前諮詢訂單'
2026-02-12 12:10:20 CUSTOMER:'如果增加一個額外駕駛人？'
2026-02-12 12:10:59 AGENT:'通常可以額外增加駕駛員的，但需要在取車時辦理，並且可能產品額外費用'
2026-02-12 12:11:51 CUSTOMER:'所以我到時候用這個訂單去dollar公司，都可以即場加額外駕駛人嗎？'
2026-02-12 12:12:03 CUSTOMER:'同埋會收幾多錢費用？'
2026-02-12 12:12:37 AGENT:'抱歉，這個我們需要聯繫租車公司核實後才能給您一個準確的答覆'
2026-02-12 12:12:51 AGENT:'請問後續後核實結果，是否可以通過訂單預留的電話或者電郵聯繫您呢？'
2026-02-12 12:12:57 CUSTOMER:'麻煩你幫我核實'
2026-02-12 12:13:10 CUSTOMER:'+85366339380'
2026-02-12 12:13:16 AGENT:'收到，這邊為您備註'
2026-02-12 12:13:17 CUSTOMER:'Lemon24287@hotmail.com'
2026-02-12 12:13:34 CUSTOMER:'核實問題有二'
2026-02-12 12:13:58 CUSTOMER:'1. 所到時候用trip這個訂單去dollar公司，是否可以即場加額外駕駛人'
2026-02-12 12:14:13 CUSTOMER:'2. 加一個額外駕駛人收費多少'
2026-02-12 12:14:19 CUSTOMER:'感謝！'
2026-02-12 12:14:45 AGENT:'不客氣，我們會為您核實，預計需要1-2個工作日，請您留意後續來電或者email信息'
2026-02-12 12:15:01 CUSTOMER:'Thanks!'
2026-02-12 12:15:06 AGENT:'不客氣的'
2026-02-12 12:15:09 AGENT:'請問還有其他需要咨詢的嗎？'
2026-02-12 12:15:16 CUSTOMER:'沒有了'
2026-02-12 12:15:34 AGENT:'嗯嗯，那先不打擾您了，祝您旅途愉快！'
2026-02-12 12:15:40 AGENT:'有問題歡迎您隨時再來～ 請您稍後對我的本次服務進行評價，感謝您使用線上客服，祝您生活愉快！'"
2026-02-12,800000987835128,2506198391950083532,C,hk,改签,"2026-02-12 17:12:27 CUSTOMER:'我租車的時候，我需要安裝雪輪胎，雪鏈，如何提前通知租車服務中心'
2026-02-12 17:12:33 ROBOT:'您可以嘗試點擊下方的按鈕來修改您的預訂。當您完成新預訂的付款後，原始預訂將自動取消。
修改預訂

Tips:
在搜索並確認門市和車輛類型後，您可以重新填寫司機信息並下單。
新預訂的價格將基於頁面上顯示的信息。請您仔細查看詳細政策 預訂詳情 頁面。
'
2026-02-12 17:15:15 CUSTOMER:'我想要人工智能'
2026-02-12 17:15:34 AGENT:'您好！歡迎使用trip.com在線客服！我是kristine l ，很高興為您服務。'
2026-02-12 17:15:40 CUSTOMER:'我租車的時候，我需要安裝雪輪胎，雪鏈，如何提前通知租車服務中心'
2026-02-12 17:15:47 CUSTOMER:'還是你這邊可以幫我'
2026-02-12 17:16:44 AGENT:'請確認您想查詢之訂單。如需查看詳情，請確保您正使用最新版本之 trip.com app。'
2026-02-12 17:16:46 AGENT:'收到'
2026-02-12 17:17:13 CUSTOMER:'對'
2026-02-12 17:17:19 CUSTOMER:'當前諮詢訂單'
2026-02-12 17:17:34 AGENT:'收到'
2026-02-12 17:17:37 AGENT:'請您稍等我3-5分鐘，我為您查詢一下相關訊息。'
2026-02-12 17:17:58 CUSTOMER:'我就是想這個訂單，用雪胎&雪鏈'
2026-02-12 17:18:17 AGENT:'收到'
2026-02-12 17:19:08 CUSTOMER:'麻煩請幫我在這個訂單跟供應商那邊說一聲'
2026-02-12 17:19:33 CUSTOMER:'這個訂單，用雪胎&雪鏈'
2026-02-12 17:19:38 CUSTOMER:'謝謝'
2026-02-12 17:19:57 AGENT:'我們現在為閣下反饋至供應商核實是否可以嘗試為您預留雪胎以及雪鏈，結果以供應商告知為準，請問後續通過訂單電郵還是電話聯繫您比較方便呢？'
2026-02-12 17:20:18 CUSTOMER:'也可以'
2026-02-12 17:20:33 CUSTOMER:'swift7503@hotmail.com'
2026-02-12 17:20:50 CUSTOMER:'+853 66606667'
2026-02-12 17:20:51 AGENT:'收到'
2026-02-12 17:21:01 AGENT:'請問電話還是電郵聯繫您比較方便呢？'
2026-02-12 17:21:52 CUSTOMER:'email吧'
2026-02-12 17:22:09 AGENT:'收到'
2026-02-12 17:22:16 AGENT:'您可以後續留意電郵收件箱的，感謝理解'
2026-02-12 17:22:18 CUSTOMER:'如果是電話，或者是短訊通知也可以'
2026-02-12 17:22:37 CUSTOMER:'因為怕上班沒辦法立即接聽'
2026-02-12 17:23:00 CUSTOMER:'ok好的'
2026-02-12 17:23:04 AGENT:'明白的，感謝理解'
2026-02-12 17:23:44 CUSTOMER:'所以我現在是要等供應商那邊的email回覆是嗎'
2026-02-12 17:24:11 AGENT:'我們為您與供應商核實的，核實之後我們會給您電郵回覆，感謝理解'
2026-02-12 17:24:29 CUSTOMER:'好的明白，謝謝'
2026-02-12 17:24:37 AGENT:'不客氣，這是我們應該做的。'
2026-02-12 17:26:11 AGENT:'請問還有什麼可以幫助到您的嗎？'
2026-02-12 17:27:19 CUSTOMER:'沒有了，謝謝'
2026-02-12 17:27:27 AGENT:'不客氣，這是我們應該做的。'
2026-02-12 17:27:40 AGENT:'如有其他疑問，可隨時聯繫我們，我們將會閣下繼續跟進，感謝理解與支持，祝您生活愉快'
2026-02-12 17:27:51 AGENT:'有問題歡迎您隨時再來～ 請您稍後對我的本次服務進行評價，感謝您使用線上客服，祝您生活愉快！'"
2026-02-12,400000986860400,2506198391950083532,C,hk,改签,"2026-02-12 09:38:15 CUSTOMER:'租賃店的聯絡方式？'
2026-02-12 09:38:16 ROBOT:'如果您想聯繫汽車租賃分公司，您可以查看 預訂詳情 頁面。
聯繫取車分行: 64-800585858
聯繫送車分行: [""64-800585858"",""64-3-3570231""]
https://dimg04.c-ctrip.com/images/0B75u12000fn5h6478C81.jpg'
2026-02-12 09:38:31 CUSTOMER:'如我未能按時還車，需要繳付罰款嗎？'
2026-02-12 09:38:31 ROBOT:'如果車輛未在預定時間交還，您將需要支付額外天數的全額租金費用。任何少於24小時的時間仍將被視為全天計費。'
2026-02-12 09:39:15 CUSTOMER:'飞机提前到，提前取车是否可以？'
2026-02-12 09:39:23 ROBOT:'您可以嘗試點擊下方的按鈕來修改您的預訂。當您完成新預訂的付款後，原始預訂將自動取消。
修改預訂

Tips:
在搜索並確認門市和車輛類型後，您可以重新填寫司機信息並下單。
新預訂的價格將基於頁面上顯示的信息。請您仔細查看詳細政策 預訂詳情 頁面。
'"
2026-02-12,600000990306188,2506198391950083532,C,hk,改签,"2026-02-12 22:12:08 CUSTOMER:'如何更改我的訂單？'
2026-02-12 22:12:13 ROBOT:'您可以嘗試點擊下方的按鈕來修改您的預訂。當您完成新預訂的付款後，原始預訂將自動取消。
修改預訂

提示:
在搜索並確認門市和車輛類型後，您可以重新填寫司機信息並下單。
新預訂的價格將基於頁面上顯示的信息。請您仔細查看詳細政策 預訂詳情 頁面。'
2026-02-12 22:13:16 CUSTOMER:'可以内地驾照取车？'
2026-02-12 22:13:21 ROBOT:'國際駕駛執照（IDP）是由加入1949年《國際道路交通公約》或1968年《維也納道路交通公約》的成員國發行的駕駛執照，上面標有相應年份的“國際道路交通公約”字樣。它方便了發行國的駕駛人在其他簽署公約的國家開私家車。
如果您的國家是公約的成員，請點擊 這裡 申請國際駕照。提示:由於中國大陸並非公約成員，中國大陸居民無法申請國際駕照。'
2026-02-12 22:14:00 CUSTOMER:'人工客服'
2026-02-12 22:14:01 ROBOT:'很高興為您服務，您可以點擊下方推薦問題或者手動輸入您想諮詢的內容，我來幫您解答！'
2026-02-12 22:14:03 CUSTOMER:'轉人工'
2026-02-12 22:14:05 AGENT:'您好！歡迎使用在線客服，我是anton q ，很高興為您服務。'
2026-02-12 22:15:01 CUSTOMER:'您好 想请问我的订单 内地驾照➕国际驾照可以取车？'
2026-02-12 22:15:20 AGENT:'請確認您想查詢之訂單。如需查看詳情，請確保您正使用最新版本之 trip.com app。'
2026-02-12 22:15:24 CUSTOMER:'當前諮詢訂單'
2026-02-12 22:15:28 AGENT:'好的，正在查詢您剛才留言的問題，請稍等5分鐘，感謝您的諒解與配合。'
2026-02-12 22:17:44 AGENT:'感謝您的耐心等候，目前查看到您的訂單是需要使用香港駕照的，您是使用APP還是電腦預訂呢'
2026-02-12 22:18:40 CUSTOMER:'都不是'
2026-02-12 22:18:51 CUSTOMER:'就手机预订的'
2026-02-12 22:19:08 CUSTOMER:'但是我香港朋友比我们晚到'
2026-02-12 22:19:24 CUSTOMER:'是我们内地驾照先取车'
2026-02-12 22:19:33 CUSTOMER:'可以帮忙修改？'
2026-02-12 22:20:03 AGENT:'主駕駛員是誰呢'
2026-02-12 22:20:31 CUSTOMER:'就是留的名字 wang jia'
2026-02-12 22:20:44 CUSTOMER:'内地驾照和翻译件'
2026-02-12 22:21:17 AGENT:'了解，我們需要與門店確認一下，請問後續是電話還是郵件告知您方便接收'
2026-02-12 22:21:31 CUSTOMER:'邮件 麻烦您们了'
2026-02-12 22:21:39 AGENT:'不客氣，應該做的'
2026-02-12 22:21:57 CUSTOMER:'谢谢 那我等你们消息'
2026-02-12 22:22:18 AGENT:'沒問題，一般48小時內有回覆，敬請留意'
2026-02-12 22:22:23 CUSTOMER:'好的'
2026-02-12 22:48:53 AGENT:'未收到您的其他咨詢，暫時還有其他需要為您解答嗎？'
2026-02-12 22:51:07 AGENT:'如果您暫時沒有其他需要我們協助的問題，我將結束本次會話，請問可以嗎？（溫馨提示：若您長時間沒有回應，系統可能會自動關閉會話）'
2026-02-12 22:57:06 AGENT:'有問題歡迎您隨時再來～ 請您稍後對我的本次服務進行評價，感謝您使用線上客服，祝您生活愉快！'"
2026-02-12,100000990408916,2506198391950083532,C,hk,改签,"2026-02-12 23:09:43 CUSTOMER:'如何更改我的訂單？'
2026-02-12 23:09:44 ROBOT:'您可以嘗試點擊下方的按鈕來修改您的預訂。當您完成新預訂的付款後，原始預訂將自動取消。
修改預訂

Tips:
在搜索並確認門市和車輛類型後，您可以重新填寫司機信息並下單。
新預訂的價格將基於頁面上顯示的信息。請您仔細查看詳細政策 預訂詳情 頁面。
'
2026-02-12 23:12:55 CUSTOMER:'人工客服'
2026-02-12 23:13:12 AGENT:'您好！歡迎使用trip.com在線客服！我是holson l ，很高興為您服務。'
2026-02-12 23:13:28 CUSTOMER:'這個訂單可否延長取車時間？'
2026-02-12 23:14:01 AGENT:'請問您要延遲到什麼時候取車呢'
2026-02-12 23:15:04 CUSTOMER:'17:30 或 18:00'
2026-02-12 23:16:42 AGENT:'我幫您反饋延遲到18:00您看可以嗎'
2026-02-12 23:16:47 CUSTOMER:'可以'
2026-02-12 23:17:03 AGENT:'後續通過電話還是電郵給您回覆呢'
2026-02-12 23:17:38 CUSTOMER:'電話/ 電郵都可以'
2026-02-12 23:17:46 AGENT:'收到'
2026-02-12 23:17:55 AGENT:'幫您反饋電話+電郵給您回覆可以嗎'
2026-02-12 23:19:02 AGENT:'請問您還有其他問題嗎？'
2026-02-12 23:21:26 CUSTOMER:'可以'
2026-02-12 23:21:38 CUSTOMER:'沒有其他問題'
2026-02-12 23:21:52 AGENT:'感謝您選擇trip.com,祝您生活愉快，再見。'
2026-02-12 23:21:54 AGENT:'有問題歡迎您隨時再來～ 請您稍後對我的本次服務進行評價，感謝您使用線上客服，祝您生活愉快！'"
2026-02-12,800000988200647,8668150265696343973,A,en,改签,"2026-02-12 21:28:01 ROBOT:'Hello, Trip.com Member. We're glad to be able to help you out.'
2026-02-12 21:28:13 CUSTOMER:'i have another question'
2026-02-12 21:28:14 ROBOT:'Hi! Could you please clarify your question? I'm glad to help.'
2026-02-12 21:29:53 CUSTOMER:'flight zh888 and flight zh117 why is the luggage not transfered automatically'
2026-02-12 21:29:54 ROBOT:'If your flight is delayed or canceled, you can try to apply for a free cancellation. If you've already made a booking and need to request a ticket refund, please go to the booking details page and submit a refund application.
Additionally, you can also refer to the following information.
Airport pick-up:If your flight arrives early, your driver will arrive no later than the original pick-up time, and wait for free for 30–90 minutes from the original pick-up time.If your flight arrives on time or is late, your driver will wait for free for 30–90 minutes starting from your actual arrival time. The time the driver will wait varies according to the supplier. For more details, please refer to the booking details page.If your arrival is delayed by more than 2 hours, the supplier will arrange a new driver for you, or if this isn't possible, you can cancel your booking free of charge.Airport drop-off:The driver will wait for 15 minutes from the original pick-up time.
Tips:If the free waiting time is exceeded, a fee may be charged or it may not be possible for the driver to provide service.
'"
2026-02-12,500000988484930,2506198391950083532,C,hk,改签,"2026-02-12 11:41:06 CUSTOMER:'{""btype"":""1"",""ext"":{""channel"":""im_customer"",""scene"":""to-operation""},""height"":""180"",""originImageSize"":"""",""thumbUrl"":""https:\/\/dimg04.tripcdn.com\/images\/1mq18224x98bk9aq8C7D1_W_0_540.jpg"",""url"":""https:\/\/dimg04.tripcdn.com\/images\/1mq18224x98bk9aq8C7D1.jpg"",""width"":""135""}'
2026-02-12 11:41:06 ROBOT:'您好，請先描述下您圖片的具體問題，我們優先爲您解決問題。'
2026-02-12 11:41:33 CUSTOMER:'之前說要提供駕駛者資料'
2026-02-12 11:41:40 ROBOT:'您可以嘗試點擊下方的按鈕來修改您的預訂。當您完成新預訂的付款後，原始預訂將自動取消。
修改預訂

Tips:
在搜索並確認門市和車輛類型後，您可以重新填寫司機信息並下單。
新預訂的價格將基於頁面上顯示的信息。請您仔細查看詳細政策 預訂詳情 頁面。
'
2026-02-12 11:41:53 CUSTOMER:'人工服務'
2026-02-12 11:42:11 AGENT:'您好！歡迎使用trip.com在線客服！我是elliot. l ，很高興為您服務。'
2026-02-12 11:42:21 CUSTOMER:'Hi'
2026-02-12 11:42:35 CUSTOMER:'{""btype"":""1"",""ext"":{""channel"":""im_customer"",""scene"":""to-operation""},""height"":""180"",""originImageSize"":"""",""originImageUrl"":"""",""thumbUrl"":""https:\/\/dimg04.tripcdn.com\/images\/1mq43224x98bljcqa5A1A_W_0_540.jpg"",""url"":""https:\/\/dimg04.tripcdn.com\/images\/1mq43224x98bljcqa5A1A.jpg"",""width"":""102""}'
2026-02-12 11:43:15 AGENT:'您好'
2026-02-12 11:44:01 CUSTOMER:'因為下訂單時只可輸入一個駕駛者'
2026-02-12 11:46:02 CUSTOMER:'？'
2026-02-12 11:46:11 AGENT:'正在為您查詢中，請稍等3-5分鐘，謝謝'
2026-02-12 11:47:09 AGENT:'感謝您的耐心等待，關於閣下咨詢的1359042229499804，2026-03-12 13:00，日本高松,2367-1 kōnanchō yusa, takamatsu, kagawa 761-1402, japan'
2026-02-12 11:47:41 AGENT:'訂單只可以填寫一名主駕駛人'
2026-02-12 11:48:09 AGENT:'如閣下需要添加額外的駕駛人可以在取車當天讓其他駕駛人攜帶需要提供的證件到門店登記'
2026-02-12 11:48:10 CUSTOMER:'額外鴐駛者怎樣做'
2026-02-12 11:48:30 AGENT:'如閣下需要添加額外的駕駛人可以在取車當天讓其他駕駛人攜帶需要提供的證件到門店登記'
2026-02-12 11:48:49 CUSTOMER:'現在不用提供資料？'
2026-02-12 11:49:07 CUSTOMER:'為什麼之前客服要求提供'
2026-02-12 11:50:46 AGENT:'查看到訂單中門店顯示政策：可以加入 4 位輔助駕駛人。 所有輔助駕駛人向門市提供的文件，均須與主駕駛人相同。如果駕駛人未先行登記即駕駛車輛，保險隨即失效。'
2026-02-12 11:52:07 CUSTOMER:'什麼是輔駛人提供的文件均須與主駕駛人相同'
2026-02-12 11:52:22 CUSTOMER:'不明白'
2026-02-12 11:53:45 AGENT:'就是額外的駕駛人需要出示訂單要求的駕照文件'
2026-02-12 11:57:02 AGENT:'如閣下想提前嘗試添加額外的駕駛人，可以先提供其他駕駛人的信息，這邊可以先為您嘗試提供給門店'
2026-02-12 11:58:44 CUSTOMER:'已提供了'
2026-02-12 11:58:50 CUSTOMER:'看到嗎'
2026-02-12 11:59:10 AGENT:'看到上面的圖片'
2026-02-12 11:59:36 AGENT:'請問可以提供額外駕駛人清晰的名字嗎？'
2026-02-12 12:01:35 CUSTOMER:'Chiu Wai Keung'
2026-02-12 12:01:41 AGENT:'收到'
2026-02-12 12:01:53 AGENT:'這邊會將閣下提供的信息反饋給相關部門核實的'
2026-02-12 12:01:55 AGENT:'請問有結果後我們以什麼方式聯繫您比較方便，電話還是電郵？'
2026-02-12 12:02:58 CUSTOMER:'Wkmak31@yahoo.com.hk'
2026-02-12 12:03:13 AGENT:'收到'
2026-02-12 12:05:36 AGENT:'請問閣下還有什麼需要補充嗎？'
2026-02-12 12:29:52 AGENT:'如果您暫時沒有其他需要我們協助的問題，我將結束本次會話，請問可以嗎？（溫馨提示：若您長時間沒有回應，系統可能會自動關閉會話）'
2026-02-12 12:35:52 AGENT:'有問題歡迎您隨時再來～ 請您稍後對我的本次服務進行評價，感謝您使用線上客服，祝您生活愉快！'"
2026-02-12,500000988417954,2506198391950083532,C,hk,改签,"2026-02-12 11:04:16 CUSTOMER:'怎樣加駕駛者'
2026-02-12 11:04:27 ROBOT:'您可以嘗試點擊下方的按鈕來修改您的預訂。當您完成新預訂的付款後，原始預訂將自動取消。
修改預訂

Tips:
在搜索並確認門市和車輛類型後，您可以重新填寫司機信息並下單。
新預訂的價格將基於頁面上顯示的信息。請您仔細查看詳細政策 預訂詳情 頁面。
'
2026-02-12 11:07:46 CUSTOMER:'如何增加駕駛者資料'
2026-02-12 11:07:51 ROBOT:'您可以嘗試點擊下方的按鈕來修改您的預訂。當您完成新預訂的付款後，原始預訂將自動取消。
修改預訂

Tips:
在搜索並確認門市和車輛類型後，您可以重新填寫司機信息並下單。
新預訂的價格將基於頁面上顯示的信息。請您仔細查看詳細政策 預訂詳情 頁面。
'"
2026-02-12,200000991749295,2506198391950083532,C,hk,改签,"2026-02-12 23:29:51 CUSTOMER:'你好'
2026-02-12 23:29:52 ROBOT:'您好，我今天可以如何幫助您？'
2026-02-12 23:29:55 CUSTOMER:'訂單有問題'
2026-02-12 23:30:00 ROBOT:'抱歉，我無法理解您的問題，請換個方式說明您的問題，或者選擇下方其中一個選項：'
2026-02-12 23:30:16 CUSTOMER:'我的訂單錯誤，需要調整'
2026-02-12 23:30:23 ROBOT:'您可以嘗試點擊下方的按鈕來修改您的預訂。當您完成新預訂的付款後，原始預訂將自動取消。
修改預訂

Tips:
在搜索並確認門市和車輛類型後，您可以重新填寫司機信息並下單。
新預訂的價格將基於頁面上顯示的信息。請您仔細查看詳細政策 預訂詳情 頁面。
'
2026-02-12 23:30:26 CUSTOMER:'重複下單，被扣了保險費用'
2026-02-12 23:30:31 ROBOT:'您可以嘗試點擊下方的按鈕來修改您的預訂。當您完成新預訂的付款後，原始預訂將自動取消。
修改預訂

Tips:
在搜索並確認門市和車輛類型後，您可以重新填寫司機信息並下單。
新預訂的價格將基於頁面上顯示的信息。請您仔細查看詳細政策 預訂詳情 頁面。
'
2026-02-12 23:30:34 CUSTOMER:'轉人工'
2026-02-12 23:30:37 AGENT:'您好！歡迎使用在線客服，我是holson l ，很高興為您服務。'
2026-02-12 23:30:41 CUSTOMER:'你好'
2026-02-12 23:30:52 CUSTOMER:'我租車訂單前面重複下單取消'
2026-02-12 23:31:04 CUSTOMER:'後來發現會被扣保險費'
2026-02-12 23:31:15 CUSTOMER:'{""btype"":""1"",""ext"":{""channel"":""im_customer"",""scene"":""to-operation""},""height"":""180"",""originImageSize"":"""",""originImageUrl"":"""",""thumbUrl"":""https:\/\/dimg04.tripcdn.com\/images\/1mq4w224x98bv7uucCF2E_Z_0_540.jpg"",""url"":""https:\/\/dimg04.tripcdn.com\/images\/1mq4w224x98bv7uucCF2E.jpg"",""width"":""84""}'
2026-02-12 23:31:31 CUSTOMER:'會被扣tripcover的費用'
2026-02-12 23:31:50 AGENT:'請確認要諮詢的訂單。若要查看詳情，請確保您使用最新版本的 trip.com app。'
2026-02-12 23:32:05 CUSTOMER:'有兩筆'
2026-02-12 23:32:11 AGENT:'請確認要諮詢的訂單。若要查看詳情，請確保您使用最新版本的 trip.com app。'
2026-02-12 23:32:19 CUSTOMER:'當前諮詢訂單'
2026-02-12 23:32:21 CUSTOMER:'當前諮詢訂單'
2026-02-12 23:32:43 CUSTOMER:'第三筆也需要取消，因為沒有選到雪胎與兒童座椅'
2026-02-12 23:33:11 AGENT:'請稍等3-5分鐘，正在為您查詢'
2026-02-12 23:36:45 AGENT:'感謝您耐心的等待，目前核實到您的訂單 支付了8540TWD 然後您取消的時候也是TWD8540的'
2026-02-12 23:36:58 AGENT:'因為您的訂單都是可以免費取消的'
2026-02-12 23:38:58 AGENT:'請問您還有其他問題嗎？'
2026-02-12 23:40:36 AGENT:'如果您暫時沒有其他需要我們協助的問題，我將結束本次會話，請問可以嗎？（溫馨提示：若您長時間沒有回應，系統可能會自動關閉會話）'
2026-02-12 23:46:35 AGENT:'有問題歡迎您隨時再來～ 請您稍後對我的本次服務進行評價，感謝您使用線上客服，祝您生活愉快！'"
2026-02-12,500000987961589,2506198391950083532,C,hk,改签,"2026-02-12 00:25:10 CUSTOMER:'如我的航班更改或取消，該怎麼辦？'
2026-02-12 00:25:11 ROBOT:'如果您的航班延誤，需要延遲取車或取消預訂，請聯繫我們 取車時間前 為了讓我們能夠與供應商溝通。由於航班延誤的特殊情況和不同的供應商政策，您的分支機構可能無法保留您的車輛，或者您可能無法免費取消您的預訂。有關具體條款和條件，請參閱供應商的政策 訂單詳情 頁面。
我們建議提供您的航班號碼。如果您的航班延誤，請攜帶航班機票前來取車。https://dimg04.c-ctrip.com/images/0B73b12000fn3zwp35357.jpg
'"
2026-02-12,500000987944803,2506198391950083532,C,hk,改签,"2026-02-12 00:08:26 CUSTOMER:'訂單編號:1616327905167836,亨德拉,2026 年 2 月 10 日'
2026-02-12 00:08:26 ROBOT:'您好，很高興能為您服務！'
2026-02-12 00:08:31 CUSTOMER:'如何取消我的訂單？'
2026-02-12 00:08:33 ROBOT:'在預訂確認和取車時間之間：全額退還取消費用；
取車時間之後：全額退還取消費用。
如果您想取消這次預訂（1616327905167836), 請您前往該處 預訂詳情 請前往網頁並嘗試提交取消請求。
如果您已經支付，退款將在30個工作日內退回您的帳戶。退款處理時間可能因支付貨幣而異。實際信用時間適用。'
2026-02-12 00:10:20 CUSTOMER:'如何更改我的訂單？'
2026-02-12 00:10:21 ROBOT:'根據取消政策，您可以在最晚取消時間之前申請此預訂的免費取消，並在需要時重新預訂。如果您確定要取消預訂，可以在訂單詳情頁提交申請。新預訂的價格將根據頁面上顯示的信息而定。
如果您需要修改司機詳細資料或接送時間或地點，請取消您的預訂並重新預訂。

若您已收到收費通知，與預訂取消相關的退款（需符合取消政策）將直接退還。通常退款處理時間為1-17個工作日，但實際時間可能因發卡機構而異。
若您賬戶未被扣費，則不涉及退款。提示:請注意，您目前的訂單無法修改。如果符合免費取消條件，我們建議您取消並以當前價格重新預訂。


'
2026-02-12 00:10:41 CUSTOMER:'如何取消我的訂單？'
2026-02-12 00:10:42 ROBOT:'在預訂確認和取車時間之間：全額退還取消費用；
取車時間之後：全額退還取消費用。
如果您想取消這次預訂（1616327905167836), 請您前往該處 預訂詳情 請前往網頁並嘗試提交取消請求。
如果您已經支付，退款將在30個工作日內退回您的帳戶。退款處理時間可能因支付貨幣而異。實際信用時間適用。'
2026-02-12 00:10:52 CUSTOMER:'轉人工'"
2026-02-12,500000989569041,2506198391950083532,C,hk,改签,"2026-02-12 23:24:27 CUSTOMER:'延遲還車'
2026-02-12 23:24:32 ROBOT:'如果您需要修改您的訂單，您可以在訂單詳情頁面點擊“修改訂單”。完成新訂單的付款後，原訂單將自動取消。新訂單的價格將根據頁面上顯示的信息確定。提示:對於目前的預訂 1359042207600504根據取消政策，如果您取消預訂，將收取取消費用。請您仔細查看預訂詳情頁面提供的信息或查看政策以獲取準確的詳細信息。

如果您需要修改司機詳細資料或接送時間或地點，請取消您的預訂並重新預訂。

'
2026-02-12 23:24:42 CUSTOMER:'人工'
2026-02-12 23:25:00 AGENT:'您好！歡迎使用trip.com在線客服！我是kristine l ，很高興為您服務。'
2026-02-12 23:25:06 CUSTOMER:'我可以更改訂單？'
2026-02-12 23:25:15 CUSTOMER:'延遲一日還？'
2026-02-12 23:25:35 AGENT:'請確認您想查詢之訂單。如需查看詳情，請確保您正使用最新版本之 trip.com app。'
2026-02-12 23:25:37 CUSTOMER:'當前諮詢訂單'
2026-02-12 23:25:45 AGENT:'收到的'
2026-02-12 23:25:54 AGENT:'請您稍等我3-5分鐘，我為您查詢一下相關訊息。'
2026-02-12 23:26:00 CUSTOMER:'Ok'
2026-02-12 23:26:45 AGENT:'目前見到您的訂單是2026-02-13 15:00:00還車的，目前用車中的訂單會比較建議閣下嘗試自行與車行溝通是否可以延期還車，且延期還車可能會產生相關費用，建議您優先與門店確認的，感謝理解'
2026-02-12 23:27:23 AGENT:'我們也為閣下反饋至供應商核實是否可以延遲一日還車2026-02-14 15:00:00，結果以供應商告知為準，目前暫時無法保證協商結果和回覆時效的，請問後續通過訂單電郵還是電話聯繫您比較方便呢？'
2026-02-12 23:27:37 CUSTOMER:'Ok'
2026-02-12 23:27:53 AGENT:'嗯嗯，感謝理解'
2026-02-12 23:27:57 AGENT:'請問後續通過訂單電郵還是電話聯繫您比較方便呢？'
2026-02-12 23:31:53 AGENT:'請問閣下您還在線嗎？'
2026-02-12 23:31:58 AGENT:'由於您已經離開該聊天窗口，未來得及與您確認回覆您的方式，我們將會嘗試用您預留的電話聯繫您，請您屆時留意來電謝謝。'
2026-02-12 23:32:02 AGENT:'如果您暫時沒有其他需要我們協助的問題，我將結束本次會話，請問可以嗎？（溫馨提示：若您長時間沒有回應，系統可能會自動關閉會話）'
2026-02-12 23:38:01 AGENT:'有問題歡迎您隨時再來～ 請您稍後對我的本次服務進行評價，感謝您使用線上客服，祝您生活愉快！'"
2026-02-12,500000987948702,2506198391950083532,C,hk,改签,"2026-02-12 00:11:41 CUSTOMER:'如何更改我的訂單？'
2026-02-12 00:11:42 ROBOT:'如果您需要修改接送時間、車型或司機，您可以在訂單詳情頁面點擊“修改訂單”。完成新預訂的付款後，原預訂將自動取消。新預訂的價格將根據頁面上顯示的信息計算。如果您已經預訂，請選擇下面的按鈕，通過電子郵件或PIN碼搜索相應的預訂，並查詢取消和修改政策。搜索訂單提示:取消政策可能因汽車租賃供應商而異。如果您在免費取消期限之後取消預訂，將收取取消費用。如果您希望延長租車期限，您可以向租車櫃檯工作人員詢問是否可以延長。實際費用和政策以租車櫃檯提供的租車協議為準。'"
2026-02-12,700000988743779,2506198391950083532,C,hk,改签,"2026-02-12 16:26:13 CUSTOMER:'需要雪軚'
2026-02-12 16:26:17 ROBOT:'如果您在取車前發現車輛有任何預先存在的損壞，請立即向工作人員報告並要求更換車輛。
若您在租車期間發現車輛有任何損壞，請保留相關照片和證據。行程結束後，您可以聯繫汽車租賃店並保存任何記錄材料。如果商店承諾向您提供部分退款，請要求他們提供手寫收據作為證明。'
2026-02-12 16:26:27 CUSTOMER:'租賃店的聯絡方式？'
2026-02-12 16:26:28 ROBOT:'如果您想聯繫汽車租賃分公司，您可以查看 預訂詳情 頁面。
聯繫取車分行: 81-7047215990
聯繫送車分行: [""81-7047215990""]
https://dimg04.c-ctrip.com/images/0B75u12000fn5h6478C81.jpg'
2026-02-12 16:29:00 CUSTOMER:'請幫忙告訴門店，租用車輛需要雪胎'
2026-02-12 16:29:09 ROBOT:'您可以嘗試點擊下方的按鈕來修改您的預訂。當您完成新預訂的付款後，原始預訂將自動取消。
修改預訂

Tips:
在搜索並確認門市和車輛類型後，您可以重新填寫司機信息並下單。
新預訂的價格將基於頁面上顯示的信息。請您仔細查看詳細政策 預訂詳情 頁面。
'"
2026-02-12,100000989794449,2506198391950083532,C,hk,改签,"2026-02-12 16:13:05 CUSTOMER:'如何更改我的訂單？'
2026-02-12 16:13:09 ROBOT:'您可以嘗試點擊下方的按鈕來修改您的預訂。當您完成新預訂的付款後，原始預訂將自動取消。
修改預訂

Tips:
在搜索並確認門市和車輛類型後，您可以重新填寫司機信息並下單。
新預訂的價格將基於頁面上顯示的信息。請您仔細查看詳細政策 預訂詳情 頁面。
'"
2026-02-12,600000989932059,2506198391950083532,C,hk,改签,"2026-02-12 17:53:09 CUSTOMER:'我想更改取车时间'
2026-02-12 17:53:17 ROBOT:'您可以嘗試點擊下方的按鈕來修改您的預訂。當您完成新預訂的付款後，原始預訂將自動取消。
修改預訂

Tips:
在搜索並確認門市和車輛類型後，您可以重新填寫司機信息並下單。
新預訂的價格將基於頁面上顯示的信息。請您仔細查看詳細政策 預訂詳情 頁面。
'
2026-02-12 17:54:28 CUSTOMER:'修改后会没车吗？'
2026-02-12 17:54:33 ROBOT:'您可以嘗試點擊下方的按鈕來修改您的預訂。當您完成新預訂的付款後，原始預訂將自動取消。
修改預訂

Tips:
在搜索並確認門市和車輛類型後，您可以重新填寫司機信息並下單。
新預訂的價格將基於頁面上顯示的信息。請您仔細查看詳細政策 預訂詳情 頁面。
'
2026-02-12 17:57:01 CUSTOMER:'转人工'
2026-02-12 17:57:02 ROBOT:'很高興為您服務，您可以點擊下方推薦問題或者手動輸入您想諮詢的內容，我來幫您解答！'
2026-02-12 17:57:08 CUSTOMER:'轉人工'
2026-02-12 17:57:10 AGENT:'您好！歡迎使用在線客服，我是joe.  z ，很高興為您服務。'
2026-02-12 17:57:18 CUSTOMER:'你好'
2026-02-12 17:57:36 CUSTOMER:'我想修改取车时间'
2026-02-12 17:57:51 AGENT:'請確認您想查詢之訂單。如需查看詳情，請確保您正使用最新版本之 trip.com app。'
2026-02-12 17:58:15 CUSTOMER:'是的'
2026-02-12 17:58:45 AGENT:'請問您需要修改到什麼時候取車呢'
2026-02-12 17:58:50 CUSTOMER:'请帮忙修改到晚上七点30分左右取车'
2026-02-12 17:59:04 AGENT:'2026-02-13 19:30:00 取車，對嗎？'
2026-02-12 17:59:12 CUSTOMER:'是的'
2026-02-12 17:59:29 AGENT:'好的已記錄反饋，有結果會第一時間在這裡給您留言'
2026-02-12 17:59:31 AGENT:'請問您還有其他問題需要諮詢嗎？'
2026-02-12 17:59:41 CUSTOMER:'我们航班预计7:20到达'
2026-02-12 18:00:11 AGENT:'明白您的情況'
2026-02-12 18:00:25 AGENT:'但門店的營業時間是09:00 - 18:00(營業時間)'
2026-02-12 18:00:45 AGENT:'可能屆時門店店員已經下班了，可能需要次日取車的'
2026-02-12 18:01:05 AGENT:'但我們已盡力反饋門店看看是否可以延遲取車至19點30的'
2026-02-12 18:02:29 AGENT:'如果您暫時沒有其他需要我們協助的問題，我將結束本次會話，請問可以嗎？（溫馨提示：若您長時間沒有回應，系統可能會自動關閉會話）'
2026-02-12 18:06:13 CUSTOMER:'什么时候能确定有没有车？'
2026-02-12 18:07:28 AGENT:'接送巴士大約幾分鐘一班，具體已實際情況為準'
2026-02-12 18:07:55 AGENT:'但正常也需要在最晚營業時間內搭乘'
2026-02-12 18:07:57 CUSTOMER:'不是，我是说我们租的车'
2026-02-12 18:08:05 CUSTOMER:'你不是说可能要第二天才能取车吗？'
2026-02-12 18:08:36 CUSTOMER:'我要确定13日那天能不能租到车'
2026-02-12 18:08:40 AGENT:'有可能需要次日取車，您屆時正常情況再營業時間前往即可'
2026-02-12 18:08:52 AGENT:'一般是可以的，但具體已專員核實結果為準'
2026-02-12 18:09:20 AGENT:'您耐心等待回覆即可，如果無法延遲取車，會給您其他方案的'
2026-02-12 18:09:29 CUSTOMER:'如果要第二天的话，我可能要取消了'
2026-02-12 18:09:37 CUSTOMER:'好'
2026-02-12 18:09:41 CUSTOMER:'谢谢'
2026-02-12 18:09:45 AGENT:'理解您的意思，建議您耐心等等我們溝通'
2026-02-12 18:09:47 AGENT:'不客氣的'
2026-02-12 18:09:50 AGENT:'請問您還有其他問題需要諮詢嗎？'
2026-02-12 18:11:04 AGENT:'如果您暫時沒有其他需要我們協助的問題，我將結束本次會話，請問可以嗎？（溫馨提示：若您長時間沒有回應，系統可能會自動關閉會話）'
2026-02-12 18:11:22 CUSTOMER:'繼續會話'
2026-02-12 18:11:47 AGENT:'您好，我在的，您可以繼續補充。'
2026-02-12 18:12:46 CUSTOMER:'没，我就是等你们沟通的结果'
2026-02-12 18:12:51 AGENT:'有問題歡迎您隨時再來～感謝您使用線上客服，祝您生活愉快！'
2026-02-12 18:13:01 AGENT:'有問題歡迎您隨時再來～ 請您稍後對我的本次服務進行評價，感謝您使用線上客服，祝您生活愉快！'"
2026-02-12,700000988527066,2506198391950083532,C,hk,改签,"2026-02-12 14:22:37 CUSTOMER:'你好 我的訂單名子是錯誤的怎麼更改名子?'
2026-02-12 14:22:49 ROBOT:'您可以嘗試點擊下方的按鈕來修改您的預訂。當您完成新預訂的付款後，原始預訂將自動取消。
修改預訂

提示:
在搜索並確認門市和車輛類型後，您可以重新填寫司機信息並下單。
新預訂的價格將基於頁面上顯示的信息。請仔細查看詳細政策 預訂詳情 頁面。'"
2026-02-12,100000989102177,8668150265696343973,A,en,改签,"2026-02-12 09:37:40 CUSTOMER:'i have an airport dropoff tomorrow. i haven't received the driver information yet.'
2026-02-12 09:37:42 ROBOT:'For the current booking 1653711277583887, the pick-up location is No. 1052 Aiguo Road. We noticed your flight is departing soon. Your driver details will be updated by 2026-02-13 at the latest ,and we’ll notify you promptly. Thank you for your patience!Feel free to check the specific details on the Order Details page.'
2026-02-12 09:39:39 CUSTOMER:'my pickup time is 13/2/26 8am at holiday inn express dongmen'
2026-02-12 09:39:41 ROBOT:'You can click here to adjust your itinerary. Please note that reselecting your itinerary may result in price changes.
If none of the options meet your requirements, you can click Cancel Booking and then select again as needed.For the current booking, the latest free cancellation time is 
2026-02-12 08:00:00 (Pickup location time).
Cancellation may incur certain charges.
Tips:If you still have any other questions, please click the button below to contact the supplier.Or we recommend contacting the driver to negotiate : 86-18312059710. I hope this helps!
Contact the Supplier

'"
2026-02-12,300000988501153,2506198391950083532,C,hk,改签,"2026-02-12 13:40:56 CUSTOMER:'你好，因為系統上只能選擇一個安全座椅，我想要備注為兩個安全座椅'
2026-02-12 13:41:05 ROBOT:'您可以嘗試點擊下方的按鈕來修改您的預訂。當您完成新預訂的付款後，原始預訂將自動取消。
修改預訂

Tips:
在搜索並確認門市和車輛類型後，您可以重新填寫司機信息並下單。
新預訂的價格將基於頁面上顯示的信息。請您仔細查看詳細政策 預訂詳情 頁面。
'
2026-02-12 13:42:11 CUSTOMER:'我想要新增一個兒童汽座'
2026-02-12 13:42:17 ROBOT:'您可以嘗試點擊下方的按鈕來修改您的預訂。當您完成新預訂的付款後，原始預訂將自動取消。
修改預訂

Tips:
在搜索並確認門市和車輛類型後，您可以重新填寫司機信息並下單。
新預訂的價格將基於頁面上顯示的信息。請您仔細查看詳細政策 預訂詳情 頁面。
'"
2026-02-12,300000989008373,2506198391950083532,C,hk,改签,"2026-02-12 18:50:21 CUSTOMER:'可以幫我跟處車公司詢問是否可以延長還車時間6小時，原本是早上11:30還車，展延至下午5:30，該繳的租車費用跟保險，我這邊會負擔'
2026-02-12 18:50:32 ROBOT:'您可以嘗試點擊下方的按鈕來修改您的預訂。當您完成新預訂的付款後，原始預訂將自動取消。
修改預訂

Tips:
在搜索並確認門市和車輛類型後，您可以重新填寫司機信息並下單。
新預訂的價格將基於頁面上顯示的信息。請您仔細查看詳細政策 預訂詳情 頁面。
'
2026-02-12 18:51:19 CUSTOMER:'沒辦法用修改的，這樣我要負擔全部的費用'
2026-02-12 18:51:25 ROBOT:'您可以嘗試點擊下方的按鈕來修改您的預訂。當您完成新預訂的付款後，原始預訂將自動取消。
修改預訂

Tips:
在搜索並確認門市和車輛類型後，您可以重新填寫司機信息並下單。
新預訂的價格將基於頁面上顯示的信息。請您仔細查看詳細政策 預訂詳情 頁面。
'
2026-02-12 18:51:58 CUSTOMER:'我用修改的我會有費用的負擔'
2026-02-12 18:52:03 ROBOT:'您可以嘗試點擊下方的按鈕來修改您的預訂。當您完成新預訂的付款後，原始預訂將自動取消。
修改預訂

Tips:
在搜索並確認門市和車輛類型後，您可以重新填寫司機信息並下單。
新預訂的價格將基於頁面上顯示的信息。請您仔細查看詳細政策 預訂詳情 頁面。
'
2026-02-12 18:52:17 CUSTOMER:'轉人工'
2026-02-12 18:52:35 AGENT:'您好！歡迎使用trip.com在線客服！我是kristine l ，很高興為您服務。'
2026-02-12 18:52:57 CUSTOMER:'可以幫我跟租車公司說延長六個小時還車嗎？'
2026-02-12 18:53:02 CUSTOMER:'我這邊會負擔費用'
2026-02-12 18:54:01 AGENT:'請確認要諮詢的訂單。若要查看詳情，請確保您使用最新版本的 trip.com app。'
2026-02-12 18:56:01 AGENT:'見您的訂單顯示是2026-02-19 11:30:00還車，是否需要嘗試延長至17:30還車呢？'
2026-02-12 18:57:17 AGENT:'如是 我們現在為閣下反饋至供應商核實是否可以修改，以及額外費用預估多少，結果以供應商告知為準，請問後續通過訂單電郵還是電話聯繫您比較方便呢？'
2026-02-12 18:58:06 CUSTOMER:'用電話聯絡，謝謝'
2026-02-12 18:58:21 AGENT:'收到的'
2026-02-12 18:58:30 AGENT:'您可以後續留意來電的，感謝理解'
2026-02-12 18:59:43 AGENT:'請問還有什麼可以幫助到您的嗎？'
2026-02-12 19:00:54 CUSTOMER:'只有剛才延長時間的問題，非常感謝幫忙'
2026-02-12 19:01:06 AGENT:'有問題歡迎您隨時再來～ 請您稍後對我的本次服務進行評價，感謝您使用線上客服，祝您生活愉快！'"
2026-02-12,400000986633495,2506198391950083532,C,hk,改签,"2026-02-12 02:20:16 CUSTOMER:'hi, 请问可以帮我通知门店，会迟些取车，因为刚扺达'
2026-02-12 02:23:26 CUSTOMER:'如何更改我的訂單？'
2026-02-12 02:23:28 ROBOT:'您的預訂已確認。如果您需要進行更改，可以檢查訂單詳細頁面是否有""修改訂單""按鈕，並嘗試更改訂單。在您完成新預訂的付款後，原預訂將自動取消。新預訂的價格將根據頁面上顯示的信息而定。或者您也可以在營業時間內聯繫商店討論此事。
如果修改不成功，您可以考慮取消並重新預訂。成功取消後，退款預計將在7-30個工作日內處理。
如需更多資訊，請參閱 預訂詳情'
2026-02-12 02:23:45 CUSTOMER:'如何更改我的訂單？'
2026-02-12 02:23:46 ROBOT:'您的預訂已確認。如果您需要進行更改，可以檢查訂單詳細頁面是否有""修改訂單""按鈕，並嘗試更改訂單。在您完成新預訂的付款後，原預訂將自動取消。新預訂的價格將根據頁面上顯示的信息而定。或者您也可以在營業時間內聯繫商店討論此事。
如果修改不成功，您可以考慮取消並重新預訂。成功取消後，退款預計將在7-30個工作日內處理。
如需更多資訊，請參閱 預訂詳情'
2026-02-12 02:27:10 CUSTOMER:'如何更改我的訂單？'
2026-02-12 02:27:11 ROBOT:'您的預訂已確認。如果您需要進行更改，可以檢查訂單詳細頁面是否有""修改訂單""按鈕，並嘗試更改訂單。在您完成新預訂的付款後，原預訂將自動取消。新預訂的價格將根據頁面上顯示的信息而定。或者您也可以在營業時間內聯繫商店討論此事。
如果修改不成功，您可以考慮取消並重新預訂。成功取消後，退款預計將在7-30個工作日內處理。
如需更多資訊，請參閱 預訂詳情'
2026-02-12 02:27:14 CUSTOMER:'轉人工'"
2026-02-12,200000991392652,8668150265696343973,A,en,改签,"2026-02-12 19:23:35 CUSTOMER:'can i book airport lounge without flight tickets here?'
2026-02-12 19:23:36 ROBOT:'We apologize for any inconvenience, but Trip.com currently does not support booking multiple flights in a single reservation. Airport transfer drivers will monitor the latest flight updates for timely service, so each driver can only focus on one flight to ensure efficient pickup.
If you want to make a booking, please go to the Airport transfer page.'
2026-02-12 19:24:32 CUSTOMER:'i have no booking on feb, can i still can book my free airport lounge ?'
2026-02-12 19:24:33 ROBOT:'Please select the booking you want to ask about:'
2026-02-12 19:24:37 ROBOT:'Trip.com does not currently support modifying airport transfer bookings. We suggest that you contact the driver to coordinate your airport pick-up time. Alternatively, you can choose to apply for a free cancellation of the booking before the latest cancellation time and then rebook. Normally, the refund will be sent to your account within 7–14 working days.'"
2026-02-12,600000989193174,8668150265696343973,A,en,改签,"2026-02-12 10:31:26 CUSTOMER:'how do i change the pick-up time of my booking?'
2026-02-12 10:31:28 ROBOT:'You can click here to adjust your itinerary. Please note that reselecting your itinerary may result in price changes.
If none of the options meet your requirements, you can click Cancel Booking and then select again as needed.For the current booking, the latest free cancellation time is 
2026-02-14 06:00:00 (Pickup location time).
You can still cancel your order free of charge at this time.
Tips:You can also click the button below to contact the supplier for further assistance.I hope this helps!
Contact the Supplier'"
2026-02-12,500000988048305,2506198391950083532,C,hk,改签,"2026-02-12 03:56:47 CUSTOMER:'如我的航班更改或取消，該怎麼辦？'
2026-02-12 03:56:48 ROBOT:'如果您的航班延誤，需要延遲取車或取消預訂，請聯繫我們 取車時間前 為了讓我們能夠與供應商溝通。由於航班延誤的特殊情況和不同的供應商政策，您的分支機構可能無法保留您的車輛，或者您可能無法免費取消您的預訂。有關具體條款和條件，請參閱供應商的政策 訂單詳情 頁面。
我們建議提供您的航班號碼。如果您的航班延誤，請攜帶航班機票前來取車。https://dimg04.c-ctrip.com/images/0B73b12000fn3zwp35357.jpg
'
2026-02-12 03:56:55 CUSTOMER:'如何上傳證件照片？'
2026-02-12 03:56:56 ROBOT:'請選擇下方按鈕上傳攝影證書。拍照
您可以選擇上傳以下證書：車輛狀況車輛故障/事故汽車租賃合同/汽車租賃協議收據https://dimg04.c-ctrip.com/images/0B70t12000gqrdtqw3C39.jpg'
2026-02-12 03:57:57 CUSTOMER:'{""btype"":""1"",""ext"":{""channel"":""im_customer"",""scene"":""to-operation""},""height"":""180"",""originImageSize"":"""",""thumbUrl"":""https:\/\/dimg04.tripcdn.com\/images\/1mq0d424x98bhrhhfAB3B_Z_0_540.jpg"",""url"":""https:\/\/dimg04.tripcdn.com\/images\/1mq0d424x98bhrhhfAB3B.jpg"",""width"":""84""}'
2026-02-12 03:57:57 ROBOT:'您好，請先描述下您圖片的具體問題，我們優先爲您解決問題。'
2026-02-12 03:58:20 CUSTOMER:'我由馬賽飛法蘭克福再轉機到東京，但馬賽飛法蘭克福的一程機取消了'
2026-02-12 03:58:26 ROBOT:'如果您的航班延誤，需要延遲取車或取消預訂，請聯繫我們 取車時間前 為了讓我們能夠與供應商溝通。由於航班延誤的特殊情況和不同的供應商政策，您的分支機構可能無法保留您的車輛，或者您可能無法免費取消您的預訂。有關具體條款和條件，請參閱供應商的政策 訂單詳情 頁面。
我們建議提供您的航班號碼。如果您的航班延誤，請攜帶航班機票前來取車。https://dimg04.c-ctrip.com/images/0B73b12000fn3zwp35357.jpg
'
2026-02-12 03:58:39 CUSTOMER:'轉人工'"
2026-02-12,300000988425665,2506198391950083532,C,hk,改签,"2026-02-12 12:50:08 CUSTOMER:'請問我見取車資料寫訂單確認會收到emai 但我沒有收到'
2026-02-12 12:50:13 ROBOT:'我們已重新發送確認郵件至該電子郵件地址 ma***euk@msn.com 提供在您的預訂中。
您可以在訂單詳情頁上選擇“重新發送確認郵件”按鈕來獲取它。
'
2026-02-12 12:54:06 CUSTOMER:'可以更改電子郵件地址嗎？  '
2026-02-12 12:54:14 ROBOT:'您可以嘗試點擊下方的按鈕來修改您的預訂。當您完成新預訂的付款後，原始預訂將自動取消。
修改預訂

Tips:
在搜索並確認門市和車輛類型後，您可以重新填寫司機信息並下單。
新預訂的價格將基於頁面上顯示的信息。請您仔細查看詳細政策 預訂詳情 頁面。
'"
2026-02-12,300000988802503,8668150265696343973,A,en,改签,"2026-02-12 16:29:29 CUSTOMER:'can i change the pick up time to 7.30pm instead?'
2026-02-12 16:29:31 ROBOT:'You can click here to adjust your itinerary. Please note that reselecting your itinerary may result in price changes.
If none of the options meet your requirements, you can click Cancel Booking and then select again as needed.For the current booking, the latest free cancellation time is 
2026-02-12 13:00:00 (Pickup location time).
Cancellation may incur certain charges.
Tips:If you still have any other questions, please click the button below to contact the supplier.Or we recommend contacting the driver to negotiate : 65-96896385. I hope this helps!
Contact the Supplier

'"
2026-02-12,100000989000040,8668150265696343973,A,en,改签,"2026-02-12 08:14:44 CUSTOMER:'as i can see my flight got delayed & the timings mentioned after the delay is not correct '
2026-02-12 08:14:45 ROBOT:'To resolve your issue more efficiently, please select an option based on your actual situation.'
2026-02-12 08:14:52 CUSTOMER:'my flight has been delayed/advanced.'
2026-02-12 08:14:53 ROBOT:'Since your order includes the complimentary ""Unlimited free waiting time"" service, whether your flight arrives early, on time, or is delayed, the driver will track your flight's landing time and wait for free for unlimited time, starting from the estimated pick-up time.
If you do not need the service anymore, you can click Cancel Booking to cancel your order .For the current booking, the latest free cancellation time is 
2026-02-11 09:25:00 (local time).
Cancellation may incur certain charges.
If you need to modify the date, you can click here to adjust your itinerary. Please note that reselecting your itinerary may result in price changes.
Tips:You can also click the button below to contact the supplier for further assistance.I hope this helps!
Contact the Supplier'"
2026-02-12,500000988536947,2506198391950083532,C,hk,改签,"2026-02-12 12:11:37 CUSTOMER:'可以加駕駛者嗎？'
2026-02-12 12:11:41 ROBOT:'如果您需要修改接送時間、車型或司機，您可以在訂單詳情頁面點擊“修改訂單”。完成新預訂的付款後，原預訂將自動取消。新預訂的價格將根據頁面上顯示的信息計算。如果您已經預訂，請選擇下面的按鈕，通過電子郵件或PIN碼搜索相應的預訂，並查詢取消和修改政策。搜索訂單提示:取消政策可能因汽車租賃供應商而異。如果您在免費取消期限之後取消預訂，將收取取消費用。如果您希望延長租車期限，您可以向租車櫃檯工作人員詢問是否可以延長。實際費用和政策以租車櫃檯提供的租車協議為準。'"
2026-02-12,100000988968043,2506198391950083532,C,hk,改签,"2026-02-12 07:34:30 CUSTOMER:'你好'
2026-02-12 07:34:33 ROBOT:'您好！我可以為您做些什麼？'
2026-02-12 07:34:51 CUSTOMER:'朋友未得及時上機 取不到車'
2026-02-12 07:34:56 ROBOT:'如果您的航班延誤，需要延遲取車或取消預訂，請聯繫我們 取車時間前 為了讓我們能夠與供應商溝通。由於航班延誤的特殊情況和不同的供應商政策，您的分支機構可能無法保留您的車輛，或者您可能無法免費取消您的預訂。有關具體條款和條件，請參閱供應商的政策 訂單詳情 頁面。
我們建議提供您的航班號碼。如果您的航班延誤，請攜帶航班機票前來取車。https://dimg04.c-ctrip.com/images/0B73b12000fn3zwp35357.jpg
'"
2026-02-12,100000988892870,2506198391950083532,C,hk,改签,"2026-02-12 03:14:51 CUSTOMER:'你好'
2026-02-12 03:14:52 ROBOT:'你好！我可以如何幫助您？'
2026-02-12 03:15:16 CUSTOMER:'原定今天12/2取車'
2026-02-12 03:15:26 ROBOT:'您可以嘗試點擊下方的按鈕來修改您的預訂。當您完成新預訂的付款後，原始預訂將自動取消。
修改預訂

Tips:
在搜索並確認門市和車輛類型後，您可以重新填寫司機信息並下單。
新預訂的價格將基於頁面上顯示的信息。請您仔細查看詳細政策 預訂詳情 頁面。
'
2026-02-12 03:15:44 CUSTOMER:'但家中有事,如果延遲13/2取可以嗎'
2026-02-12 03:16:25 CUSTOMER:'客服在嗎'
2026-02-12 03:16:44 CUSTOMER:'如何更改我的訂單？'
2026-02-12 03:16:46 ROBOT:'您可以嘗試點擊下方的按鈕來修改您的預訂。當您完成新預訂的付款後，原始預訂將自動取消。
修改預訂

Tips:
在搜索並確認門市和車輛類型後，您可以重新填寫司機信息並下單。
新預訂的價格將基於頁面上顯示的信息。請您仔細查看詳細政策 預訂詳情 頁面。
'"
2026-02-12,700000987915630,8668150265696343973,A,en,改签,"2026-02-12 07:58:01 CUSTOMER:'how do i change the pick-up/drop-off location?'
2026-02-12 07:58:02 ROBOT:'Should you need to make any changes to your itinerary, please feel free to click the button below.Modify Order
Tips:If you still have any other questions, please click the button below to contact the supplier.I hope this helps! 
Contact the Supplier

'"
2026-02-12,300000989155555,8668150265696343973,A,en,改签,"2026-02-12 20:36:51 CUSTOMER:'batik air flight to dps changed to od193 arriving at 1700 hours february 13.. please schedule pick up accordingly. thanks '
2026-02-12 20:36:53 ROBOT:'You can click here to adjust your itinerary. Please note that reselecting your itinerary may result in price changes.
If none of the options meet your requirements, you can click Cancel Booking and then select again as needed.For the current booking, the latest free cancellation time is 
2026-02-12 13:20:00 (local time).
Cancellation may incur certain charges.
Tips:If you still have any other questions, please click the button below to contact the supplier.Or we recommend contacting the driver to negotiate : 86-19182200950. I hope this helps!
Contact the Supplier

'"
2026-02-12,700000987862472,2506198391950083532,C,hk,改签,"2026-02-12 06:05:42 CUSTOMER:'如何更改我的訂單？'
2026-02-12 06:05:48 ROBOT:'您可以嘗試點擊下方的按鈕來修改您的預訂。當您完成新預訂的付款後，原始預訂將自動取消。
Modify Booking

提示:
在搜索並確認門市和車輛類型後，您可以重新填寫司機信息並下單。
新預訂的價格將基於頁面上顯示的信息。請您仔細查看詳細政策 預訂詳情 頁面。
'
2026-02-12 06:08:54 CUSTOMER:'因為護照問題沒有趕上飛機 請問車輛會保留到明後天嗎'
2026-02-12 06:08:59 ROBOT:'您可以嘗試點擊下方的按鈕來修改您的預訂。當您完成新預訂的付款後，原始預訂將自動取消。
Modify Booking

提示:
在搜索並確認門市和車輛類型後，您可以重新填寫司機信息並下單。
新預訂的價格將基於頁面上顯示的信息。請您仔細查看詳細政策 預訂詳情 頁面。
'"
2026-02-12,800000986738361,2506198391950083532,C,hk,改签,"2026-02-12 00:03:54 CUSTOMER:'如何更改我的訂單？'
2026-02-12 00:03:58 ROBOT:'您可以嘗試點擊下方的按鈕來修改您的預訂。當您完成新預訂的付款後，原始預訂將自動取消。
修改預訂

Tips:
在搜索並確認門市和車輛類型後，您可以重新填寫司機信息並下單。
新預訂的價格將基於頁面上顯示的信息。請您仔細查看詳細政策 預訂詳情 頁面。
'"
2026-02-12,400000986701220,8668150265696343973,A,en,改签,"2026-02-12 06:50:02 CUSTOMER:'how do i change the pick-up/drop-off location?'
2026-02-12 06:50:02 ROBOT:'Trip.com currently does not support modifying airport transfer booking. We suggest you to contact the driver to coordinate your airport pick-up/drop-off location. Alternatively, you can choose to apply for a free cancellation of the booking before the latest cancellation time without and then rebook. Normally the refund will be back to your account within 7-14 working days. Please go to the Booking details page to apply for refund.'"
2026-02-12,100000989807721,2506198391950083532,C,hk,改签,"2026-02-12 16:21:24 CUSTOMER:'如何更改我的訂單？'
2026-02-12 16:21:26 ROBOT:'您可以嘗試點擊下方的按鈕來修改您的預訂。當您完成新預訂的付款後，原始預訂將自動取消。
修改預訂

Tips:
在搜索並確認門市和車輛類型後，您可以重新填寫司機信息並下單。
新預訂的價格將基於頁面上顯示的信息。請您仔細查看詳細政策 預訂詳情 頁面。
'
2026-02-12 16:21:55 CUSTOMER:'更改司機名字'
2026-02-12 16:22:00 ROBOT:'您可以嘗試點擊下方的按鈕來修改您的預訂。當您完成新預訂的付款後，原始預訂將自動取消。
修改預訂

Tips:
在搜索並確認門市和車輛類型後，您可以重新填寫司機信息並下單。
新預訂的價格將基於頁面上顯示的信息。請您仔細查看詳細政策 預訂詳情 頁面。
'"
2026-02-12,100000989270611,2506198391950083532,C,hk,改签,"2026-02-12 11:04:58 CUSTOMER:'額外駕駛人'
2026-02-12 11:05:07 ROBOT:'您可以嘗試點擊下方的按鈕來修改您的預訂。當您完成新預訂的付款後，原始預訂將自動取消。
修改預訂

Tips:
在搜索並確認門市和車輛類型後，您可以重新填寫司機信息並下單。
新預訂的價格將基於頁面上顯示的信息。請您仔細查看詳細政策 預訂詳情 頁面。
'"
2026-02-12,800000987999145,8668150265696343973,A,en,改签,"2026-02-12 19:06:05 CUSTOMER:'how do i change the pick-up time of my booking?'
2026-02-12 19:06:06 ROBOT:'You can click here to adjust your itinerary. Please note that reselecting your itinerary may result in price changes.
If none of the options meet your requirements, you can click Cancel Booking and then select again as needed.For the current booking, the latest free cancellation time is 
2026-02-12 13:30:00 (Pickup location time).
Cancellation may incur certain charges.
Tips:If you still have any other questions, please click the button below to contact the supplier.Or we recommend contacting the driver to negotiate : 60-163128051. I hope this helps!
Contact the Supplier

'"
2026-02-12,700000988804854,8668150265696343973,A,en,改签,"2026-02-12 17:03:49 CUSTOMER:'how long will the driver wait for free?'
2026-02-12 17:03:49 ROBOT:'For each of our bookings, there is a free waiting time (the duration depends on the product you choose). The free waiting time starts from the scheduled pick-up time. You can select the specific product on the booking page to view the exact free waiting time.https://dimg04.c-ctrip.com/images/0B72y12000grq75t956BE.jpg
You can make a booking on the Airport transfer page.
Tips:The driver will start calculating the free waiting time based on the actual flight arrival time.
If you exceed the free waiting time specified in your booking, the driver may charge you an additional fee for the extended waiting time, according to the standard rates. You can view the specific charging rules on the product selection page during the booking process.
If you realize that you won't be able to arrive at the pick-up location within the free waiting time, you can have a friendly discussion with the driver regarding the fees and settle any additional waiting charges directly with the driver.


'
2026-02-12 17:06:27 CUSTOMER:'how far in advance should i book?'
2026-02-12 17:06:27 ROBOT:'We would suggest booking your flight or planning your itinerary before booking airport transfer services.
It is usually recommended to book airport transfer services at least 48 hours in advance, but it is also important to consider flight status and itinerary. After placing an booking, the supplier will assign a driver for you based on your scheduled pick-up time.
Tips:All airport transfer times are in local time, so please take this into account when making your reservation.'
2026-02-12 17:06:55 CUSTOMER:'how do i change the pick-up time of my booking?'
2026-02-12 17:06:56 ROBOT:'You have not selected a booking at the moment.
If you've made a booking, please go to the All bookings page to select the booking and inquire.
You can modify your contact information, pick-up/drop-off addresses, and ride time on the order details page within the APP. Please note that modifying the address or ride time may result in a price change you can follow the on-screen instructions to proceed.
If the order indicates that modifications are not allowed, you may submit a request for free cancellation before the latest cancellation time and attempt to make a new booking. If the cancellation is successful, the refund will usually be credited back to your original payment account within 7-14 business days.
'"
2026-02-12,700000988103174,2506198391950083532,C,hk,改签,"2026-02-12 10:15:57 CUSTOMER:'因為護照問題 所以今天沒有搭上飛機 延後至明天取車'
2026-02-12 10:16:06 ROBOT:'您可以嘗試點擊下方的按鈕來修改您的預訂。在您完成新預訂的付款後，原始預訂將自動取消。
Modify Booking

提示:
在搜尋並確認分行和車輛類型後，您可以重新填寫駕駛員信息並下新訂單。
新預訂的價格將根據頁面上顯示的信息計算。請查閱詳細政策 預訂詳情 頁面。'"
2026-02-12,700000987745439,2506198391950083532,C,hk,改签,"2026-02-12 00:20:31 CUSTOMER:'如何更改我的訂單？'
2026-02-12 00:20:35 ROBOT:'您可以嘗試點擊下方的按鈕來修改您的預訂。當您完成新預訂的付款後，原始預訂將自動取消。
修改預訂

Tips:
在搜索並確認門市和車輛類型後，您可以重新填寫司機信息並下單。
新預訂的價格將基於頁面上顯示的信息。請您仔細查看詳細政策 預訂詳情 頁面。
'
2026-02-12 00:25:04 CUSTOMER:'如何更改我的訂單？'
2026-02-12 00:25:06 ROBOT:'您可以嘗試點擊下方的按鈕來修改您的預訂。當您完成新預訂的付款後，原始預訂將自動取消。
修改預訂

Tips:
在搜索並確認門市和車輛類型後，您可以重新填寫司機信息並下單。
新預訂的價格將基於頁面上顯示的信息。請您仔細查看詳細政策 預訂詳情 頁面。
'"
2026-02-12,800000986782622,2506198391950083532,C,hk,改签,"2026-02-12 00:54:36 CUSTOMER:'我租車的時候，我需要安裝雪輪胎，雪鏈，如何提前通知租車服務中心'
2026-02-12 00:54:49 ROBOT:'您可以嘗試點擊下方的按鈕來修改您的預訂。當您完成新預訂的付款後，原始預訂將自動取消。
修改預訂

Tips:
在搜索並確認門市和車輛類型後，您可以重新填寫司機信息並下單。
新預訂的價格將基於頁面上顯示的信息。請您仔細查看詳細政策 預訂詳情 頁面。
'
2026-02-12 00:56:07 CUSTOMER:'有人工客服嗎？'"
2026-02-12,400000986687535,2506198391950083532,C,hk,改签,"2026-02-12 06:08:17 CUSTOMER:'請問一下我的租車預約已經信用卡預付，我想更改保障方案，該怎麼做比較簡單謝謝。'
2026-02-12 06:08:27 ROBOT:'您可以嘗試點擊下方的按鈕來修改您的預訂。當您完成新預訂的付款後，原始預訂將自動取消。
修改預訂

Tips:
在搜索並確認門市和車輛類型後，您可以重新填寫司機信息並下單。
新預訂的價格將基於頁面上顯示的信息。請您仔細查看詳細政策 預訂詳情 頁面。
'
2026-02-12 06:09:55 CUSTOMER:'原始預訂的費用將如何退還呢'
2026-02-12 06:10:05 ROBOT:'取車前 24 小時前：可免費取消；
取車前 24 小時後：取消將收取相當於租車費用 50% 的費用。
如果您在Trip.com上付款，根據取消政策，此預訂現在無法免費取消。然而，如果您選擇現場付款，將不會收取任何費用。
提示:如果您想取消此預訂 1616327918189124，請您前往 預訂詳情 頁面並嘗試提交取消請求。如果租車員工建議取消您的預訂，請收集 相關文件 （包括分行信息、員工姓名和員工編號等信息）並發送給我們。Trip.com將盡快為您處理。'"
2026-02-12,400000987479277,8668150265696343973,A,en,改签,"2026-02-12 15:30:06 CUSTOMER:'how do i change the pick-up time of my booking?'
2026-02-12 15:30:07 ROBOT:'The latest free modification time for your booking is 2026-02-12 15:00:00 (Pickup location time). Please visit the Modify pick-up time page to modify your booking before the deadline.Tips:Currently,the pick-up date cannot be modified,if you need to modify the date,you can choose to cancel and place a new booking. '
2026-02-12 15:32:08 CUSTOMER:'how do i contact trip.com?'
2026-02-12 15:32:09 ROBOT:'Please select the button below to contact our agent for assistance.'
2026-02-12 15:32:11 CUSTOMER:'transfer to an agent'
2026-02-12 15:32:13 AGENT:'welcome to trip.com. my name is felix c, i am glad to be of your assistance today.'
2026-02-12 15:32:26 CUSTOMER:'Good Afternoon Felix'
2026-02-12 15:32:30 AGENT:'hello, glad to assist you today.'
2026-02-12 15:32:35 AGENT:'please confirm the booking you want to ask about. to view details, please ensure you are using the latest version of the trip.com app.'
2026-02-12 15:32:37 AGENT:'may i ask how could i help you with?'
2026-02-12 15:32:43 CUSTOMER:'I'm still awaiting the driver details'
2026-02-12 15:32:45 CUSTOMER:'current consulting order'
2026-02-12 15:32:54 AGENT:'let me check it for you and kindly wait for me 2-3 minutes.'
2026-02-12 15:33:42 CUSTOMER:'Felix, could you help me adjust the pick-up time to 2pm ?'
2026-02-12 15:33:49 CUSTOMER:'Please and Thanks'
2026-02-12 15:34:14 AGENT:'Sorry we could not change the time for you'
2026-02-12 15:34:33 AGENT:'I could only ask whether the supplier agree to change that for you'
2026-02-12 15:34:39 CUSTOMER:'Could you please leave a message for the supplier to change the pick-up time, as I’m concerned about traffic ?'
2026-02-12 15:34:52 AGENT:'I am calling for now'
2026-02-12 15:34:57 AGENT:'please wait for me 3-5 minutes'
2026-02-12 15:34:57 CUSTOMER:'Felix, Please and Thanks'
2026-02-12 15:35:02 AGENT:'My pleausre'
2026-02-12 15:35:12 CUSTOMER:'Okay Noted Felix and I will wait for your message'
2026-02-12 15:35:24 AGENT:'thanks'
2026-02-12 15:35:32 CUSTOMER:'Your support in this matter would be greatly appreciated'
2026-02-12 15:35:51 AGENT:'My pleasure to help you on that!'
2026-02-12 15:40:49 CUSTOMER:'Felix still with me'
2026-02-12 15:41:10 AGENT:'I have contact with the relevant team and they told me that they will help you to inform the driver to pick you up at 14:00'
2026-02-12 15:41:28 AGENT:'And we will also offer you the driver details no later than today'
2026-02-12 15:41:39 AGENT:'Thanks for your patience to kindly wait for that'
2026-02-12 15:41:44 CUSTOMER:'Okay Noted Felix and Thank you very much for your helpa'
2026-02-12 15:41:50 AGENT:'My pleasure'
2026-02-12 15:42:01 AGENT:'may i kindly ask is there anything else that i can assist you with now?'
2026-02-12 15:42:18 CUSTOMER:'Felix, Please help me to put this email address as well corporate.team@orextravel.com'
2026-02-12 15:42:40 AGENT:'I found that it is already linked to this order'
2026-02-12 15:42:43 AGENT:'Do not worry that'
2026-02-12 15:43:12 CUSTOMER:'Okay Noted Felix and Appreciated your helps for today'
2026-02-12 15:43:18 CUSTOMER:'Have a good days to you'
2026-02-12 15:43:18 AGENT:'My pleasure'
2026-02-12 15:43:24 AGENT:'thanks!'
2026-02-12 15:43:27 AGENT:'it was nice to talk to you. have a great day! if you need help in the future, i'm here for you. take care!'
2026-02-12 15:43:28 AGENT:'bye for now.'"
2026-02-12,600000989053370,2506198391950083532,C,hk,改签,"2026-02-12 09:10:29 CUSTOMER:'怎麼新增額外駕駛人?'
2026-02-12 09:10:37 ROBOT:'您可以嘗試點擊下方的按鈕來修改您的預訂。當您完成新預訂的付款後，原始預訂將自動取消。
修改預訂

提示:
在搜索並確認門市和車輛類型後，您可以重新填寫司機信息並下單。
新預訂的價格將基於頁面上顯示的信息。請仔細查看詳細政策 預訂詳情 頁面。'
2026-02-12 09:11:24 AGENT:'您好！歡迎使用在線客服，我是cecilia. z ，很高興為您服務。'
2026-02-12 09:11:40 AGENT:'請確認您想查詢之訂單。如需查看詳情，請確保您正使用最新版本之 trip.com app。'
2026-02-12 09:11:41 CUSTOMER:'你好，想詢問如何新增額外駕駛人?'
2026-02-12 09:11:45 CUSTOMER:'當前諮詢訂單'
2026-02-12 09:11:52 AGENT:'目前正在幫您查詢中，請耐心等待3-5分鐘'
2026-02-12 09:13:18 AGENT:'感謝您的耐心等待 關於需要新增額外駕駛員的問題 需要為您反饋相關部門跟門店進一步核實是否可以添加 可以的話費用是多少等，具體以門店回覆為準，請問後續有結果請問通過電話還是電郵聯絡您會比較方便呢？'
2026-02-12 09:13:51 CUSTOMER:'電郵，謝謝'
2026-02-12 09:14:06 AGENT:'hank128864@gmail.com看到您下單的電郵是這個 後續通過這個電郵聯繫您可以嗎'
2026-02-12 09:14:18 CUSTOMER:'可以，謝謝'
2026-02-12 09:14:21 AGENT:'不客氣，請問您還有其他問題需要諮詢嗎？'
2026-02-12 09:14:28 CUSTOMER:'沒有，謝謝'
2026-02-12 09:14:42 AGENT:'有問題歡迎您隨時再來～ 請您稍後對我的本次服務進行評價，感謝您使用線上客服，祝您生活愉快！'"
2026-02-12,400000987108830,2506198391950083532,C,hk,改签,"2026-02-12 11:52:08 CUSTOMER:'遲取車'
2026-02-12 11:52:17 ROBOT:'您可以嘗試點擊下方的按鈕來修改您的預訂。當您完成新預訂的付款後，原始預訂將自動取消。
Modify Booking

提示:
在搜索並確認門市和車輛類型後，您可以重新填寫司機信息並下單。
新預訂的價格將基於頁面上顯示的信息。請您仔細查看詳細政策 預訂詳情 頁面。
'"
2026-02-12,200000990996368,2506198391950083532,C,hk,改签,"2026-02-12 15:03:07 CUSTOMER:'取車時需付按金嗎？'
2026-02-12 15:03:08 ROBOT:'取車時您需要提供押金，請記得攜帶晶片信用卡。您付款卡上的姓名應與您的駕照上的姓名相同。押金款項是預授權的，金額因車型而異。對於高端車型，您可能需要提供2張付款卡。押金金額通常在您還車後約28至45天左右釋放。在大多數情況下，您將不會收到通知，請注意您的帳戶餘額。'
2026-02-12 15:03:49 CUSTOMER:'請問可不可以改取車時間'
2026-02-12 15:03:59 ROBOT:'您可以嘗試點擊下方的按鈕來修改您的預訂。當您完成新預訂的付款後，原始預訂將自動取消。
修改預訂

Tips:
在搜索並確認門市和車輛類型後，您可以重新填寫司機信息並下單。
新預訂的價格將基於頁面上顯示的信息。請您仔細查看詳細政策 預訂詳情 頁面。
'
2026-02-12 15:04:46 CUSTOMER:'即我要取消再重新訂，是不是'
2026-02-12 15:04:51 ROBOT:'您可以嘗試點擊下方的按鈕來修改您的預訂。當您完成新預訂的付款後，原始預訂將自動取消。
修改預訂

Tips:
在搜索並確認門市和車輛類型後，您可以重新填寫司機信息並下單。
新預訂的價格將基於頁面上顯示的信息。請您仔細查看詳細政策 預訂詳情 頁面。
'"
2026-02-12,800000987234577,8668150265696343973,A,en,改签,"2026-02-12 11:10:09 CUSTOMER:'if i want to change time drop off can i change '
2026-02-12 11:10:10 ROBOT:'You can click here to adjust your itinerary. Please note that reselecting your itinerary may result in price changes.
If none of the options meet your requirements, you can click Cancel Booking and then select again as needed.For the current booking, the latest free cancellation time is 
2026-02-12 01:00:00 (Pickup location time).
Cancellation may incur certain charges.
Tips:If you still have any other questions, please click the button below to contact the supplier.Or we recommend contacting the driver to negotiate : 82-1086728856. I hope this helps!
Contact the Supplier

'"
2026-02-12,500000988442790,2506198391950083532,C,hk,改签,"2026-02-12 11:15:23 CUSTOMER:'為何只可輸入一個駕駛者'
2026-02-12 11:15:30 ROBOT:'您可以嘗試點擊下方的按鈕來修改您的預訂。當您完成新預訂的付款後，原始預訂將自動取消。
修改預訂

Tips:
在搜索並確認門市和車輛類型後，您可以重新填寫司機信息並下單。
新預訂的價格將基於頁面上顯示的信息。請您仔細查看詳細政策 預訂詳情 頁面。
'
2026-02-12 11:16:08 CUSTOMER:'不明白'
2026-02-12 11:16:10 AGENT:'您好！歡迎使用在線客服，我是herbert h ，很高興為您服務。'
2026-02-12 11:16:32 CUSTOMER:'我只能輸入一個駕駛者'
2026-02-12 11:16:43 AGENT:'請確認您想查詢之訂單。如需查看詳情，請確保您正使用最新版本之 trip.com app。'
2026-02-12 11:16:54 CUSTOMER:'我想加多一位駕駛者'
2026-02-12 11:17:04 AGENT:'明白，請問是這筆訂單嗎？'
2026-02-12 11:17:12 CUSTOMER:'是'
2026-02-12 11:17:15 AGENT:'馬上為您查詢訂單詳細情況，查詢可能需要5-10分鐘，請您在線稍等，不要離開。'
2026-02-12 11:18:49 AGENT:'抱歉讓您久等了，为您查询到：訂單1359042229499804僅展示主駕駛人信息，供應商告知該訂單可以加入 4 位輔助駕駛人。 所有輔助駕駛人向門市提供的文件（香港駕駛執照＋國際駕駛許可證），均須與主駕駛人相同。如果駕駛人未先行登記即駕駛車輛，保險隨即失效。'
2026-02-12 11:19:09 AGENT:'煩請在目前對話提供額外駕駛人的相關文件給我司。'
2026-02-12 11:19:32 CUSTOMER:'Chiu Wai Keung'
2026-02-12 11:19:54 AGENT:'收到，香港駕駛執照＋國際駕駛許可證圖片煩請提供一下。'
2026-02-12 11:21:25 CUSTOMER:'我有2位駕駛者'
2026-02-12 11:21:32 CUSTOMER:'Leung Koon Kai'
2026-02-12 11:21:40 CUSTOMER:'Chiu Wai Keung '
2026-02-12 11:21:51 AGENT:'總共兩位額外駕駛人是嗎？'
2026-02-12 11:22:01 CUSTOMER:'現在要給資料？'
2026-02-12 11:22:04 AGENT:'好的，煩請分別提供他們的香港駕駛執照＋國際駕駛許可證。'
2026-02-12 11:22:07 AGENT:'是的'
2026-02-12 11:22:08 CUSTOMER:'對'
2026-02-12 11:22:14 AGENT:'明白'
2026-02-12 11:22:19 CUSTOMER:'因朋友在忙'
2026-02-12 11:22:34 CUSTOMER:'可以晚一點嗎'
2026-02-12 11:22:42 AGENT:'明白，您可以在後續收集完整圖片後再次進線提供即可。'
2026-02-12 11:22:59 AGENT:'請問閣下還有其它問題需要咨詢嗎？'
2026-02-12 11:23:29 CUSTOMER:'謝謝你'
2026-02-12 11:23:34 AGENT:'不客氣的，這是我們應該做的呢，感謝您使用trip.com，祝您生活愉快！'
2026-02-12 11:23:35 AGENT:'有問題歡迎您隨時再來～ 請您稍後對我的本次服務進行評價，感謝您使用線上客服，祝您生活愉快！'"
2026-02-12,400000986881260,2506198391950083532,C,hk,改签,"2026-02-12 09:52:55 CUSTOMER:'如何更改我的訂單？'
2026-02-12 09:52:59 ROBOT:'您可以嘗試點擊下方的按鈕來修改您的預訂。當您完成新預訂的付款後，原始預訂將自動取消。
修改預訂

Tips:
在搜索並確認門市和車輛類型後，您可以重新填寫司機信息並下單。
新預訂的價格將基於頁面上顯示的信息。請您仔細查看詳細政策 預訂詳情 頁面。
'"
2026-02-12,200000991687660,8668150265696343973,A,en,改签,"2026-02-12 22:45:30 CUSTOMER:'how do i change the pick-up/drop-off location?'
2026-02-12 22:45:31 ROBOT:'Should you need to make any changes to your itinerary, please feel free to click the button below.Modify Order
Tips:If you still have any other questions, please click the button below to contact the supplier.I hope this helps! 
Contact the Supplier

'"
2026-02-12,700000988320909,2506198391950083532,C,hk,改签,"2026-02-12 12:13:07 CUSTOMER:'您好 會晚點到'
2026-02-12 12:13:18 ROBOT:'您可以嘗試點擊下方的按鈕來修改您的預訂。當您完成新預訂的付款後，原始預訂將自動取消。
修改預訂

Tips:
在搜索並確認門市和車輛類型後，您可以重新填寫司機信息並下單。
新預訂的價格將基於頁面上顯示的信息。請您仔細查看詳細政策 預訂詳情 頁面。
'
2026-02-12 12:13:39 CUSTOMER:'訂單編號：1359042161518280，曼谷，2026 年 2 月 12 日'
2026-02-12 12:13:39 ROBOT:'您好！關於此訂單有甚麼需要查詢？'
2026-02-12 12:14:08 CUSTOMER:'幫忙跟店家說 晚點到'
2026-02-12 12:14:14 ROBOT:'根據取消政策，您可以在最晚取消時間之前申請此預訂的免費取消，並在需要時重新預訂。如果您確定要取消預訂，可以在訂單詳情頁提交申請。新預訂的價格將根據頁面上顯示的信息而定。
如果您需要修改司機詳細資料或接送時間或地點，請取消您的預訂並重新預訂。

若您已收到收費通知，與預訂取消相關的退款（需符合取消政策）將直接退還。通常退款處理時間為1-17個工作日，但實際時間可能因發卡機構而異。
若您賬戶未被扣費，則不涉及退款。提示:請注意，您目前的訂單無法修改。如果符合免費取消條件，我們建議您取消並以當前價格重新預訂。


'"
2026-02-12,800000987743778,2506198391950083532,C,hk,改签,"2026-02-12 16:13:48 CUSTOMER:'取消訂單'
2026-02-12 16:13:55 ROBOT:'在取車前48小時之前：可免費取消；
在取車前48小時至取車時間之間：取消將收取€120.00（約HK$1,113.08）的費用，最高為全額租賃費；
在取車時間之後：取消將收取等同於全額租賃費的費用。
如果您在Trip.com上付款，根據取消政策，此預訂現在無法免費取消。然而，如果您選擇現場付款，將不會收取任何費用。
提示:如果您想取消此預訂 1359041997732579，請您前往 預訂詳情 頁面並嘗試提交取消請求。如果租車員工建議取消您的預訂，請收集 相關文件 （包括分行信息、員工姓名和員工編號等信息）並發送給我們。Trip.com將盡快為您處理。'
2026-02-12 16:15:03 CUSTOMER:'如我的航班更改或取消，該怎麼辦？'
2026-02-12 16:15:04 ROBOT:'如果您的航班延誤，需要延遲取車或取消預訂，請聯繫我們 取車時間前 為了讓我們能夠與供應商溝通。由於航班延誤的特殊情況和不同的供應商政策，您的分支機構可能無法保留您的車輛，或者您可能無法免費取消您的預訂。有關具體條款和條件，請參閱供應商的政策 訂單詳情 頁面。
我們建議提供您的航班號碼。如果您的航班延誤，請攜帶航班機票前來取車。https://dimg04.c-ctrip.com/images/0B73b12000fn3zwp35357.jpg
'
2026-02-12 16:15:11 CUSTOMER:'如何上傳證件照片？'
2026-02-12 16:15:12 ROBOT:'請選擇下方按鈕上傳攝影證書。拍照
您可以選擇上傳以下證書：車輛狀況車輛故障/事故汽車租賃合同/汽車租賃協議收據https://dimg04.c-ctrip.com/images/0B70t12000gqrdtqw3C39.jpg'
2026-02-12 16:15:49 CUSTOMER:'cs'
2026-02-12 16:15:52 ROBOT:'目前的預訂 1359041997732579 已確認。如果您想添加GPS服務，請聯繫租車店。
聯繫取車分店: 971-42245222
'
2026-02-12 16:15:59 CUSTOMER:'轉人工'
2026-02-12 16:16:01 AGENT:'您好！歡迎使用在線客服，我是herbert h ，很高興為您服務。'
2026-02-12 16:16:12 AGENT:'請確認您想查詢之訂單。如需查看詳情，請確保您正使用最新版本之 trip.com app。'
2026-02-12 16:16:15 CUSTOMER:'當前諮詢訂單'
2026-02-12 16:16:19 AGENT:'收到'
2026-02-12 16:16:25 CUSTOMER:'簽證問題不能到阿聯酋'
2026-02-12 16:16:40 AGENT:'明白'
2026-02-12 16:16:41 CUSTOMER:'想申請退款'
2026-02-12 16:16:47 AGENT:'馬上為您查詢訂單詳細情況，查詢可能需要5-10分鐘，請您在線稍等，不要離開。'
2026-02-12 16:17:51 AGENT:'抱歉讓您久等了，为您查询到：訂單1359041997732579，供應商告知2月11日，22:00後（當地時間）申請取消將被收取相當於租車費用總額的費用。'
2026-02-12 16:18:36 CUSTOMER:'不能退款？'
2026-02-12 16:19:16 AGENT:'是的，非常抱歉，根據目前訂單退改規則，訂單已過免費取消申請期限。'
2026-02-12 16:19:31 CUSTOMER:'簽證問題都不能退嗎？'
2026-02-12 16:20:23 AGENT:'煩請您提供一下關於簽證問題的憑證圖片給我司。'
2026-02-12 16:21:39 CUSTOMER:'{""btype"":""1"",""ext"":{""channel"":""im_customer"",""scene"":""to-operation""},""height"":""180"",""originImageSize"":"""",""originImageUrl"":"""",""thumbUrl"":""https:\/\/dimg04.tripcdn.com\/images\/1mq1v224x98bpg00j8A65_Z_0_540.jpg"",""url"":""https:\/\/dimg04.tripcdn.com\/images\/1mq1v224x98bpg00j8A65.jpg"",""width"":""83""}'
2026-02-12 16:21:46 AGENT:'收到圖片'
2026-02-12 16:22:45 AGENT:'關於閣下反饋的問題，我們會交由相關部門處理，如有進展，預估在48小時內通過訂單聯繫電話或者訂單聯繫電郵聯繫您，請問哪一種聯繫方式後續方便聯繫您？實際回覆結果以供應商回覆為準，煩請閣下耐心等候即可。'
2026-02-12 16:23:17 AGENT:'非常抱歉，剛剛輸入有誤，正確信息為：我嘗試為您申請取消訂單1359041997732579， 結果要以供應商回覆為準。一旦取消成功，訂單無法恢復，重新預訂以即時查詢價錢和最終的確認電郵為準。 退款預計在1到10個工作天內退至您的原支付卡內，具體時間以銀行操作為準。 請確認以上行程資訊是否正確，如您確認提交退訂申請，請回覆「確認」。'
2026-02-12 16:27:16 AGENT:'請問您還在線嗎？'
2026-02-12 16:29:34 AGENT:'由於長時間沒有收到您的回覆，煩請看到此留言後提供上述信息給我司來為您進一步處理。'
2026-02-12 16:29:38 AGENT:'如果您暫時沒有其他需要我們協助的問題，我將結束本次會話，請問可以嗎？（溫馨提示：若您長時間沒有回應，系統可能會自動關閉會話）'
2026-02-12 16:35:37 AGENT:'有問題歡迎您隨時再來～ 請您稍後對我的本次服務進行評價，感謝您使用線上客服，祝您生活愉快！'"
2026-02-12,500000988427019,2506198391950083532,C,hk,改签,"2026-02-12 11:08:00 CUSTOMER:'怎樣在hello租車加etc咭'
2026-02-12 11:08:04 ROBOT:'如果您需要修改接送時間、車型或司機，您可以在訂單詳情頁面點擊“修改訂單”。完成新預訂的付款後，原預訂將自動取消。新預訂的價格將根據頁面上顯示的信息計算。如果您已經預訂，請選擇下面的按鈕，通過電子郵件或PIN碼搜索相應的預訂，並查詢取消和修改政策。搜索訂單提示:取消政策可能因汽車租賃供應商而異。如果您在免費取消期限之後取消預訂，將收取取消費用。如果您希望延長租車期限，您可以向租車櫃檯工作人員詢問是否可以延長。實際費用和政策以租車櫃檯提供的租車協議為準。'
2026-02-12 11:08:37 CUSTOMER:'etc 咭'
2026-02-12 11:08:42 ROBOT:'如果您需要修改接送時間、車型或司機，您可以在訂單詳情頁面點擊“修改訂單”。完成新預訂的付款後，原預訂將自動取消。新預訂的價格將根據頁面上顯示的信息計算。如果您已經預訂，請選擇下面的按鈕，通過電子郵件或PIN碼搜索相應的預訂，並查詢取消和修改政策。搜索訂單提示:取消政策可能因汽車租賃供應商而異。如果您在免費取消期限之後取消預訂，將收取取消費用。如果您希望延長租車期限，您可以向租車櫃檯工作人員詢問是否可以延長。實際費用和政策以租車櫃檯提供的租車協議為準。'
2026-02-12 11:08:57 CUSTOMER:'轉人工'
2026-02-12 11:09:00 AGENT:'您好！歡迎使用在線客服，我是rhea c ，很高興為您服務。'
2026-02-12 11:09:05 AGENT:'您好'
2026-02-12 11:09:06 AGENT:'請問有什麼可以幫到您？'
2026-02-12 11:09:19 CUSTOMER:'想在 hello沖繩租車'
2026-02-12 11:09:39 AGENT:'請問是在預定過程有什麼疑問呢'
2026-02-12 11:09:45 CUSTOMER:'但不能加購etc 咭'
2026-02-12 11:10:24 AGENT:'麻煩您提供一下截圖'
2026-02-12 11:12:13 AGENT:'有些門店可能支持預定前端直接加購，具體是否能提供這個ETC需要為您進一步和門店核實，請問您是什麼時候需要用車呢？您可以先下單，我們直接通過訂單為您和供應商對接核實'
2026-02-12 11:14:12 CUSTOMER:'5月份'
2026-02-12 11:14:41 AGENT:'好的，那核實時間比較充裕'
2026-02-12 11:14:52 CUSTOMER:'想確定能訂購etc 才訂'
2026-02-12 11:15:26 AGENT:'租車訂單一般在取車前36小時可以免費取消'
2026-02-12 11:15:36 AGENT:'您可以看看是否有門店的聯繫方式'
2026-02-12 11:16:49 AGENT:'或者您提供一下門店的聯繫方式，我這邊可以幫您嘗試致電門店核實'
2026-02-12 11:18:50 AGENT:'因為目前沒有具體的訂單也沒有相關的供應商信息，我無法為您核實相關的問題，海外車行一般不接受無訂單的咨詢，請您諒解，如果您有需求，我可以嘗試為您致電門店咨詢'
2026-02-12 11:18:59 AGENT:'您好，請問您還在線嗎？'
2026-02-12 11:20:06 AGENT:'因為長時間未回復繫統會自動結束會話，但本次會話會有溝通記錄，如果您屆時有任何疑問或者困難請直接聯係我們'
2026-02-12 11:20:10 AGENT:'如果您暫時沒有其他需要我們協助的問題，我將結束本次會話，請問可以嗎？（溫馨提示：若您長時間沒有回應，系統可能會自動關閉會話）'
2026-02-12 11:26:09 AGENT:'有問題歡迎您隨時再來～ 請您稍後對我的本次服務進行評價，感謝您使用線上客服，祝您生活愉快！'"
2026-02-12,800000986838286,2506198391950083532,C,hk,改签,"2026-02-12 03:13:43 CUSTOMER:'請問可否更改還車地點至以下地點？budget car rental belfast international airport arrivals, belfast international airport, airport road, crumlin bt29 4ab, uk'
2026-02-12 03:13:54 ROBOT:'您可以嘗試點擊下方的按鈕來修改您的預訂。當您完成新預訂的付款後，原始預訂將自動取消。
修改預訂

Tips:
在搜索並確認門市和車輛類型後，您可以重新填寫司機信息並下單。
新預訂的價格將基於頁面上顯示的信息。請您仔細查看詳細政策 預訂詳情 頁面。
'"
2026-02-12,800000986883548,2506198391950083532,C,hk,改签,"2026-02-12 06:24:11 CUSTOMER:'您好，主驾驶人没有信用卡，可以用当地的银行卡吗？或者其他人的信用卡'
2026-02-12 06:24:23 ROBOT:'您可以嘗試點擊下方的按鈕來修改您的預訂。當您完成新預訂的付款後，原始預訂將自動取消。
修改預訂

Tips:
在搜索並確認門市和車輛類型後，您可以重新填寫司機信息並下單。
新預訂的價格將基於頁面上顯示的信息。請您仔細查看詳細政策 預訂詳情 頁面。
'
2026-02-12 06:25:29 CUSTOMER:'另外，我们登记的是中国驾照，但也有澳洲驾照，请问还需要中国驾照的翻译件吗'
2026-02-12 06:25:35 ROBOT:'您可以嘗試點擊下方的按鈕來修改您的預訂。當您完成新預訂的付款後，原始預訂將自動取消。
修改預訂

Tips:
在搜索並確認門市和車輛類型後，您可以重新填寫司機信息並下單。
新預訂的價格將基於頁面上顯示的信息。請您仔細查看詳細政策 預訂詳情 頁面。
'"
2026-02-12,800000987815444,2506198391950083532,C,hk,改签,"2026-02-12 17:00:32 CUSTOMER:'梗改取車時間為10點30'
2026-02-12 17:00:36 CUSTOMER:'更改'
2026-02-12 17:00:38 ROBOT:'在取車前48小時至24小時之間取消：將收取相當於租賃費用24%的費用；
在取車前24小時之後取消：將收取相當於租賃費用30%的費用。
若您已在 Trip.com 上付款，根據取消政策，此預訂現在無法免費取消。
但是，若您選擇到店支付，則不會收取任何費用。
提示:若您想取消此預訂 (1616327950463243)，請惠顧前往 預訂詳情 頁面並嘗試提交取消請求。 如果租車公司人員建議您取消預訂，請收集相關資訊。相關文件 （包括分店、員工姓名及工號等資訊），並發送給我們。Trip.com 將盡快為您處理。
'
2026-02-12 17:00:41 ROBOT:'您可以嘗試點擊下方的按鈕來修改您的預訂。在您完成新預訂的付款後，原始預訂將自動取消。
Modify Booking

提示:
在搜尋並確認分行和車輛類型後，您可以重新填寫駕駛員信息並下新訂單。
新預訂的價格將根據頁面上顯示的信息計算。請查閱詳細政策 預訂詳情 頁面。'
2026-02-12 17:00:54 CUSTOMER:'更改取車時間為10點30'
2026-02-12 17:00:57 ROBOT:'在取車前48小時至24小時之間取消：將收取相當於租賃費用24%的費用；
在取車前24小時之後取消：將收取相當於租賃費用30%的費用。
若您已在 Trip.com 上付款，根據取消政策，此預訂現在無法免費取消。
但是，若您選擇到店支付，則不會收取任何費用。
提示:若您想取消此預訂 (1616327950463243)，請惠顧前往 預訂詳情 頁面並嘗試提交取消請求。 如果租車公司人員建議您取消預訂，請收集相關資訊。相關文件 （包括分店、員工姓名及工號等資訊），並發送給我們。Trip.com 將盡快為您處理。
'
2026-02-12 17:01:05 CUSTOMER:'轉人工'
2026-02-12 17:01:08 AGENT:'您好！歡迎使用在線客服，我是kristine l ，很高興為您服務。'
2026-02-12 17:01:15 AGENT:'請確認要諮詢的訂單。若要查看詳情，請確保您使用最新版本的 trip.com app。'
2026-02-12 17:01:20 CUSTOMER:'當前諮詢訂單'
2026-02-12 17:01:39 CUSTOMER:'更改取車時間為10點30'
2026-02-12 17:01:54 AGENT:'收到'
2026-02-12 17:02:08 AGENT:'請問是否可以告知需要修改的原因呢？'
2026-02-12 17:02:30 CUSTOMER:'下單時選錯'
2026-02-12 17:03:41 AGENT:'請您稍等我3-5分鐘，我為您查詢一下相關訊息。'
2026-02-12 17:04:52 AGENT:'感謝您的耐心等待。這邊為您致電供應商核實並嘗試為您修改，目前供應商告知您的訂單已經成功修改到10:30取車，且沒有額外費用產生，您可以屆時10:30到店取車即可，感謝理解'
2026-02-12 17:05:00 CUSTOMER:'謝謝'
2026-02-12 17:05:53 AGENT:'不客氣，這是我們應該做的。'
2026-02-12 17:05:56 AGENT:'請問還有什麼可以幫助到您的嗎？'
2026-02-12 17:06:05 AGENT:'有問題歡迎您隨時再來～ 請您稍後對我的本次服務進行評價，感謝您使用線上客服，祝您生活愉快！'"
2026-02-12,600000989685127,2506198391950083532,C,hk,改签,"2026-02-12 15:14:42 CUSTOMER:'如何更改我的訂單？'
2026-02-12 15:14:44 ROBOT:'如果您需要修改您的訂單，您可以在訂單詳情頁面點擊“修改訂單”。完成新訂單的付款後，原訂單將自動取消。新訂單的價格將根據頁面上顯示的信息確定。提示:對於目前的預訂 1616322467459199根據取消政策，如果您取消預訂，將收取取消費用。請您仔細查看預訂詳情頁面提供的信息或查看政策以獲取準確的詳細信息。

如果您需要修改司機詳細資料或接送時間或地點，請取消您的預訂並重新預訂。

'"